cliente_sk,customer_id,email,first_name,last_name,status
-1,N/A,N/A,,,
1,1,maría.gonzález.1@example.com,María,González,A
2,2,maría.silva.2@example.com,María,Silva,A
3,3,juan.pérez.3@example.com,Juan,Pérez,A
4,4,lucas.ruiz.4@example.com,Lucas,Ruiz,A
5,5,mateo.ruiz.5@example.com,Mateo,Ruiz,A
6,6,maría.garcía.6@example.com,María,García,A
7,7,sofía.flores.7@example.com,Sofía,Flores,A
8,8,lucas.sánchez.8@example.com,Lucas,Sánchez,A
9,9,juan.rodríguez.9@example.com,Juan,Rodríguez,A
10,10,tomás.fernández.10@example.com,Tomás,Fernández,A
11,11,santiago.álvarez.11@example.com,Santiago,Álvarez,A
12,12,lucas.gómez.12@example.com,Lucas,Gómez,A
13,13,camila.rodríguez.13@example.com,Camila,Rodríguez,A
14,14,emma.garcía.14@example.com,Emma,García,A
15,15,felipe.torres.15@example.com,Felipe,Torres,A
16,16,emma.lópez.16@example.com,Emma,López,A
17,17,lara.ruiz.17@example.com,Lara,Ruiz,A
18,18,lucía.medina.18@example.com,Lucía,Medina,A
19,19,lucía.martínez.19@example.com,Lucía,Martínez,A
20,20,isabella.molina.20@example.com,Isabella,Molina,A
21,21,lucas.díaz.21@example.com,Lucas,Díaz,A
22,22,joaquín.martínez.22@example.com,Joaquín,Martínez,A
23,23,mateo.medina.23@example.com,Mateo,Medina,A
24,24,franco.pérez.24@example.com,Franco,Pérez,A
25,25,olivia.gonzález.25@example.com,Olivia,González,A
26,26,santiago.sánchez.26@example.com,Santiago,Sánchez,A
27,27,felipe.garcía.27@example.com,Felipe,García,A
28,28,felipe.silva.28@example.com,Felipe,Silva,A
29,29,lucas.pérez.29@example.com,Lucas,Pérez,A
30,30,olivia.flores.30@example.com,Olivia,Flores,A
31,31,alex.rojas.31@example.com,Alex,Rojas,A
32,32,juan.rodríguez.32@example.com,Juan,Rodríguez,A
33,33,juan.medina.33@example.com,Juan,Medina,A
34,34,lucas.lópez.34@example.com,Lucas,López,A
35,35,felipe.ruiz.35@example.com,Felipe,Ruiz,A
36,36,joaquín.ruiz.36@example.com,Joaquín,Ruiz,A
37,37,sofía.torres.37@example.com,Sofía,Torres,A
38,38,valentina.pérez.38@example.com,Valentina,Pérez,A
39,39,emma.flores.39@example.com,Emma,Flores,A
40,40,lucas.fernández.40@example.com,Lucas,Fernández,A
41,41,juan.gómez.41@example.com,Juan,Gómez,A
42,42,isabella.rodríguez.42@example.com,Isabella,Rodríguez,A
43,43,martina.sánchez.43@example.com,Martina,Sánchez,A
44,44,valentina.sánchez.44@example.com,Valentina,Sánchez,I
45,45,camila.rodríguez.45@example.com,Camila,Rodríguez,A
46,46,mateo.rodríguez.46@example.com,Mateo,Rodríguez,A
47,47,franco.garcía.47@example.com,Franco,García,A
48,48,lara.gómez.48@example.com,Lara,Gómez,A
49,49,lara.rojas.49@example.com,Lara,Rojas,A
50,50,camila.gómez.50@example.com,Camila,Gómez,A
51,51,camila.garcía.51@example.com,Camila,García,A
52,52,lucas.pérez.52@example.com,Lucas,Pérez,A
53,53,tomás.álvarez.53@example.com,Tomás,Álvarez,A
54,54,franco.medina.54@example.com,Franco,Medina,A
55,55,lucía.díaz.55@example.com,Lucía,Díaz,A
56,56,benjamín.molina.56@example.com,Benjamín,Molina,A
57,57,olivia.acosta.57@example.com,Olivia,Acosta,A
58,58,joaquín.díaz.58@example.com,Joaquín,Díaz,A
59,59,mateo.flores.59@example.com,Mateo,Flores,A
60,60,juan.lópez.60@example.com,Juan,López,A
61,61,joaquín.lópez.61@example.com,Joaquín,López,A
62,62,valentina.gómez.62@example.com,Valentina,Gómez,A
63,63,tomás.martínez.63@example.com,Tomás,Martínez,A
64,64,alex.martínez.64@example.com,Alex,Martínez,A
65,65,emma.martínez.65@example.com,Emma,Martínez,A
66,66,felipe.gómez.66@example.com,Felipe,Gómez,A
67,67,benjamín.gómez.67@example.com,Benjamín,Gómez,A
68,68,camila.díaz.68@example.com,Camila,Díaz,A
69,69,olivia.torres.69@example.com,Olivia,Torres,I
70,70,alex.fernández.70@example.com,Alex,Fernández,I
71,71,sofía.fernández.71@example.com,Sofía,Fernández,A
72,72,franco.medina.72@example.com,Franco,Medina,A
73,73,sofía.ruiz.73@example.com,Sofía,Ruiz,A
74,74,santiago.ruiz.74@example.com,Santiago,Ruiz,A
75,75,maría.sánchez.75@example.com,María,Sánchez,A
76,76,isabella.sánchez.76@example.com,Isabella,Sánchez,A
77,77,mateo.molina.77@example.com,Mateo,Molina,A
78,78,benjamín.sánchez.78@example.com,Benjamín,Sánchez,A
79,79,martina.flores.79@example.com,Martina,Flores,A
80,80,juan.sánchez.80@example.com,Juan,Sánchez,A
81,81,tomás.sánchez.81@example.com,Tomás,Sánchez,A
82,82,sofía.gómez.82@example.com,Sofía,Gómez,A
83,83,joaquín.rojas.83@example.com,Joaquín,Rojas,A
84,84,isabella.gómez.84@example.com,Isabella,Gómez,A
85,85,joaquín.gómez.85@example.com,Joaquín,Gómez,A
86,86,sofía.silva.86@example.com,Sofía,Silva,A
87,87,lucía.flores.87@example.com,Lucía,Flores,A
88,88,franco.medina.88@example.com,Franco,Medina,A
89,89,mateo.acosta.89@example.com,Mateo,Acosta,A
90,90,olivia.acosta.90@example.com,Olivia,Acosta,A
91,91,benjamín.gómez.91@example.com,Benjamín,Gómez,A
92,92,lucía.lópez.92@example.com,Lucía,López,A
93,93,juan.ruiz.93@example.com,Juan,Ruiz,A
94,94,sofía.pérez.94@example.com,Sofía,Pérez,A
95,95,felipe.gonzález.95@example.com,Felipe,González,A
96,96,lucas.silva.96@example.com,Lucas,Silva,A
97,97,tomás.díaz.97@example.com,Tomás,Díaz,A
98,98,isabella.martínez.98@example.com,Isabella,Martínez,A
99,99,alex.torres.99@example.com,Alex,Torres,A
100,100,joaquín.lópez.100@example.com,Joaquín,López,A
101,101,isabella.romero.101@example.com,Isabella,Romero,A
102,102,emma.ruiz.102@example.com,Emma,Ruiz,A
103,103,lucas.rodríguez.103@example.com,Lucas,Rodríguez,A
104,104,alex.gómez.104@example.com,Alex,Gómez,A
105,105,lucía.acosta.105@example.com,Lucía,Acosta,A
106,106,emma.álvarez.106@example.com,Emma,Álvarez,A
107,107,benjamín.fernández.107@example.com,Benjamín,Fernández,A
108,108,isabella.pérez.108@example.com,Isabella,Pérez,A
109,109,benjamín.molina.109@example.com,Benjamín,Molina,A
110,110,lucas.ruiz.110@example.com,Lucas,Ruiz,A
111,111,alex.ruiz.111@example.com,Alex,Ruiz,A
112,112,martina.lópez.112@example.com,Martina,López,A
113,113,franco.silva.113@example.com,Franco,Silva,A
114,114,camila.gómez.114@example.com,Camila,Gómez,A
115,115,tomás.flores.115@example.com,Tomás,Flores,A
116,116,alex.acosta.116@example.com,Alex,Acosta,A
117,117,santiago.díaz.117@example.com,Santiago,Díaz,A
118,118,olivia.pérez.118@example.com,Olivia,Pérez,A
119,119,lucas.gómez.119@example.com,Lucas,Gómez,A
120,120,alex.garcía.120@example.com,Alex,García,A
121,121,lara.álvarez.121@example.com,Lara,Álvarez,A
122,122,lucas.romero.122@example.com,Lucas,Romero,A
123,123,emma.gómez.123@example.com,Emma,Gómez,A
124,124,lucas.martínez.124@example.com,Lucas,Martínez,A
125,125,lara.medina.125@example.com,Lara,Medina,A
126,126,benjamín.gómez.126@example.com,Benjamín,Gómez,A
127,127,lucía.díaz.127@example.com,Lucía,Díaz,I
128,128,felipe.fernández.128@example.com,Felipe,Fernández,A
129,129,felipe.flores.129@example.com,Felipe,Flores,A
130,130,felipe.fernández.130@example.com,Felipe,Fernández,A
131,131,lara.rodríguez.131@example.com,Lara,Rodríguez,A
132,132,tomás.fernández.132@example.com,Tomás,Fernández,A
133,133,isabella.flores.133@example.com,Isabella,Flores,A
134,134,lara.molina.134@example.com,Lara,Molina,A
135,135,valentina.díaz.135@example.com,Valentina,Díaz,A
136,136,lucas.garcía.136@example.com,Lucas,García,A
137,137,benjamín.rodríguez.137@example.com,Benjamín,Rodríguez,A
138,138,juan.gómez.138@example.com,Juan,Gómez,A
139,139,maría.silva.139@example.com,María,Silva,A
140,140,juan.rodríguez.140@example.com,Juan,Rodríguez,A
141,141,maría.flores.141@example.com,María,Flores,A
142,142,olivia.silva.142@example.com,Olivia,Silva,A
143,143,camila.molina.143@example.com,Camila,Molina,A
144,144,emma.rojas.144@example.com,Emma,Rojas,A
145,145,olivia.flores.145@example.com,Olivia,Flores,A
146,146,juan.acosta.146@example.com,Juan,Acosta,A
147,147,mateo.romero.147@example.com,Mateo,Romero,A
148,148,lucas.rodríguez.148@example.com,Lucas,Rodríguez,A
149,149,maría.torres.149@example.com,María,Torres,A
150,150,martina.ruiz.150@example.com,Martina,Ruiz,A
151,151,martina.rodríguez.151@example.com,Martina,Rodríguez,A
152,152,martina.acosta.152@example.com,Martina,Acosta,A
153,153,benjamín.silva.153@example.com,Benjamín,Silva,A
154,154,maría.flores.154@example.com,María,Flores,A
155,155,benjamín.medina.155@example.com,Benjamín,Medina,A
156,156,tomás.flores.156@example.com,Tomás,Flores,A
157,157,lucía.garcía.157@example.com,Lucía,García,A
158,158,olivia.díaz.158@example.com,Olivia,Díaz,A
159,159,lucía.flores.159@example.com,Lucía,Flores,A
160,160,isabella.flores.160@example.com,Isabella,Flores,A
161,161,lara.torres.161@example.com,Lara,Torres,A
162,162,camila.acosta.162@example.com,Camila,Acosta,A
163,163,lucía.acosta.163@example.com,Lucía,Acosta,A
164,164,maría.flores.164@example.com,María,Flores,A
165,165,lucía.ruiz.165@example.com,Lucía,Ruiz,A
166,166,felipe.díaz.166@example.com,Felipe,Díaz,A
167,167,camila.silva.167@example.com,Camila,Silva,I
168,168,sofía.molina.168@example.com,Sofía,Molina,A
169,169,juan.ruiz.169@example.com,Juan,Ruiz,A
170,170,mateo.sánchez.170@example.com,Mateo,Sánchez,A
171,171,benjamín.álvarez.171@example.com,Benjamín,Álvarez,A
172,172,joaquín.rojas.172@example.com,Joaquín,Rojas,A
173,173,juan.molina.173@example.com,Juan,Molina,A
174,174,lara.lópez.174@example.com,Lara,López,A
175,175,emma.gonzález.175@example.com,Emma,González,A
176,176,mateo.garcía.176@example.com,Mateo,García,A
177,177,emma.flores.177@example.com,Emma,Flores,A
178,178,maría.gómez.178@example.com,María,Gómez,A
179,179,alex.torres.179@example.com,Alex,Torres,A
180,180,benjamín.gómez.180@example.com,Benjamín,Gómez,A
181,181,franco.díaz.181@example.com,Franco,Díaz,A
182,182,sofía.sánchez.182@example.com,Sofía,Sánchez,A
183,183,juan.sánchez.183@example.com,Juan,Sánchez,A
184,184,lucía.silva.184@example.com,Lucía,Silva,I
185,185,emma.martínez.185@example.com,Emma,Martínez,A
186,186,camila.fernández.186@example.com,Camila,Fernández,I
187,187,isabella.silva.187@example.com,Isabella,Silva,A
188,188,emma.silva.188@example.com,Emma,Silva,A
189,189,santiago.fernández.189@example.com,Santiago,Fernández,A
190,190,franco.gómez.190@example.com,Franco,Gómez,A
191,191,joaquín.fernández.191@example.com,Joaquín,Fernández,A
192,192,felipe.fernández.192@example.com,Felipe,Fernández,A
193,193,isabella.flores.193@example.com,Isabella,Flores,A
194,194,lara.lópez.194@example.com,Lara,López,A
195,195,franco.ruiz.195@example.com,Franco,Ruiz,I
196,196,valentina.flores.196@example.com,Valentina,Flores,I
197,197,santiago.silva.197@example.com,Santiago,Silva,I
198,198,isabella.díaz.198@example.com,Isabella,Díaz,I
199,199,valentina.molina.199@example.com,Valentina,Molina,A
200,200,lucía.rojas.200@example.com,Lucía,Rojas,A
201,201,tomás.romero.201@example.com,Tomás,Romero,A
202,202,lucía.lópez.202@example.com,Lucía,López,A
203,203,alex.lópez.203@example.com,Alex,López,A
204,204,alex.martínez.204@example.com,Alex,Martínez,A
205,205,maría.garcía.205@example.com,María,García,A
206,206,lara.fernández.206@example.com,Lara,Fernández,A
207,207,benjamín.flores.207@example.com,Benjamín,Flores,I
208,208,isabella.ruiz.208@example.com,Isabella,Ruiz,A
209,209,juan.romero.209@example.com,Juan,Romero,A
210,210,franco.rojas.210@example.com,Franco,Rojas,A
211,211,benjamín.flores.211@example.com,Benjamín,Flores,A
212,212,lucas.pérez.212@example.com,Lucas,Pérez,A
213,213,camila.flores.213@example.com,Camila,Flores,A
214,214,joaquín.romero.214@example.com,Joaquín,Romero,A
215,215,juan.garcía.215@example.com,Juan,García,A
216,216,santiago.lópez.216@example.com,Santiago,López,A
217,217,joaquín.álvarez.217@example.com,Joaquín,Álvarez,A
218,218,benjamín.molina.218@example.com,Benjamín,Molina,A
219,219,lucía.acosta.219@example.com,Lucía,Acosta,A
220,220,maría.díaz.220@example.com,María,Díaz,A
221,221,franco.díaz.221@example.com,Franco,Díaz,A
222,222,santiago.gonzález.222@example.com,Santiago,González,A
223,223,lucía.gonzález.223@example.com,Lucía,González,A
224,224,joaquín.flores.224@example.com,Joaquín,Flores,A
225,225,lara.molina.225@example.com,Lara,Molina,A
226,226,franco.rodríguez.226@example.com,Franco,Rodríguez,A
227,227,felipe.molina.227@example.com,Felipe,Molina,A
228,228,maría.álvarez.228@example.com,María,Álvarez,A
229,229,benjamín.rodríguez.229@example.com,Benjamín,Rodríguez,A
230,230,valentina.sánchez.230@example.com,Valentina,Sánchez,A
231,231,benjamín.romero.231@example.com,Benjamín,Romero,A
232,232,lucía.torres.232@example.com,Lucía,Torres,A
233,233,juan.torres.233@example.com,Juan,Torres,A
234,234,martina.garcía.234@example.com,Martina,García,A
235,235,joaquín.sánchez.235@example.com,Joaquín,Sánchez,A
236,236,franco.flores.236@example.com,Franco,Flores,A
237,237,joaquín.fernández.237@example.com,Joaquín,Fernández,A
238,238,juan.torres.238@example.com,Juan,Torres,A
239,239,camila.martínez.239@example.com,Camila,Martínez,A
240,240,olivia.pérez.240@example.com,Olivia,Pérez,A
241,241,tomás.fernández.241@example.com,Tomás,Fernández,A
242,242,juan.martínez.242@example.com,Juan,Martínez,A
243,243,lara.rojas.243@example.com,Lara,Rojas,A
244,244,lucía.flores.244@example.com,Lucía,Flores,A
245,245,lara.rodríguez.245@example.com,Lara,Rodríguez,A
246,246,martina.rodríguez.246@example.com,Martina,Rodríguez,A
247,247,juan.molina.247@example.com,Juan,Molina,A
248,248,martina.rojas.248@example.com,Martina,Rojas,A
249,249,lucía.rodríguez.249@example.com,Lucía,Rodríguez,A
250,250,olivia.martínez.250@example.com,Olivia,Martínez,A
251,251,olivia.medina.251@example.com,Olivia,Medina,A
252,252,isabella.ruiz.252@example.com,Isabella,Ruiz,A
253,253,juan.romero.253@example.com,Juan,Romero,A
254,254,emma.molina.254@example.com,Emma,Molina,A
255,255,santiago.sánchez.255@example.com,Santiago,Sánchez,A
256,256,franco.garcía.256@example.com,Franco,García,A
257,257,olivia.garcía.257@example.com,Olivia,García,A
258,258,alex.álvarez.258@example.com,Alex,Álvarez,A
259,259,felipe.pérez.259@example.com,Felipe,Pérez,I
260,260,benjamín.fernández.260@example.com,Benjamín,Fernández,A
261,261,camila.molina.261@example.com,Camila,Molina,A
262,262,mateo.molina.262@example.com,Mateo,Molina,A
263,263,joaquín.álvarez.263@example.com,Joaquín,Álvarez,A
264,264,martina.gómez.264@example.com,Martina,Gómez,A
265,265,santiago.rojas.265@example.com,Santiago,Rojas,A
266,266,olivia.medina.266@example.com,Olivia,Medina,I
267,267,emma.rodríguez.267@example.com,Emma,Rodríguez,A
268,268,olivia.fernández.268@example.com,Olivia,Fernández,A
269,269,martina.medina.269@example.com,Martina,Medina,A
270,270,martina.álvarez.270@example.com,Martina,Álvarez,A
271,271,olivia.álvarez.271@example.com,Olivia,Álvarez,A
272,272,tomás.gonzález.272@example.com,Tomás,González,A
273,273,lucía.rodríguez.273@example.com,Lucía,Rodríguez,A
274,274,felipe.flores.274@example.com,Felipe,Flores,A
275,275,emma.pérez.275@example.com,Emma,Pérez,A
276,276,maría.sánchez.276@example.com,María,Sánchez,A
277,277,joaquín.molina.277@example.com,Joaquín,Molina,A
278,278,alex.medina.278@example.com,Alex,Medina,A
279,279,joaquín.gonzález.279@example.com,Joaquín,González,A
280,280,juan.medina.280@example.com,Juan,Medina,A
281,281,olivia.medina.281@example.com,Olivia,Medina,A
282,282,isabella.álvarez.282@example.com,Isabella,Álvarez,A
283,283,santiago.gómez.283@example.com,Santiago,Gómez,A
284,284,lucía.rodríguez.284@example.com,Lucía,Rodríguez,A
285,285,felipe.martínez.285@example.com,Felipe,Martínez,A
286,286,benjamín.pérez.286@example.com,Benjamín,Pérez,A
287,287,benjamín.medina.287@example.com,Benjamín,Medina,I
288,288,emma.rodríguez.288@example.com,Emma,Rodríguez,A
289,289,sofía.romero.289@example.com,Sofía,Romero,A
290,290,isabella.flores.290@example.com,Isabella,Flores,I
291,291,felipe.acosta.291@example.com,Felipe,Acosta,A
292,292,juan.ruiz.292@example.com,Juan,Ruiz,A
293,293,benjamín.romero.293@example.com,Benjamín,Romero,A
294,294,martina.molina.294@example.com,Martina,Molina,A
295,295,martina.rodríguez.295@example.com,Martina,Rodríguez,A
296,296,emma.rodríguez.296@example.com,Emma,Rodríguez,A
297,297,olivia.martínez.297@example.com,Olivia,Martínez,A
298,298,lucía.garcía.298@example.com,Lucía,García,A
299,299,isabella.rojas.299@example.com,Isabella,Rojas,A
300,300,santiago.flores.300@example.com,Santiago,Flores,A
301,301,santiago.torres.301@example.com,Santiago,Torres,A
302,302,alex.martínez.302@example.com,Alex,Martínez,A
303,303,emma.flores.303@example.com,Emma,Flores,I
304,304,valentina.fernández.304@example.com,Valentina,Fernández,A
305,305,martina.garcía.305@example.com,Martina,García,A
306,306,juan.silva.306@example.com,Juan,Silva,A
307,307,mateo.álvarez.307@example.com,Mateo,Álvarez,A
308,308,tomás.acosta.308@example.com,Tomás,Acosta,A
309,309,lucas.lópez.309@example.com,Lucas,López,A
310,310,isabella.acosta.310@example.com,Isabella,Acosta,A
311,311,lucía.romero.311@example.com,Lucía,Romero,A
312,312,santiago.lópez.312@example.com,Santiago,López,A
313,313,joaquín.medina.313@example.com,Joaquín,Medina,A
314,314,lucía.sánchez.314@example.com,Lucía,Sánchez,A
315,315,olivia.sánchez.315@example.com,Olivia,Sánchez,A
316,316,lucía.sánchez.316@example.com,Lucía,Sánchez,A
317,317,lara.rojas.317@example.com,Lara,Rojas,A
318,318,alex.garcía.318@example.com,Alex,García,A
319,319,lara.ruiz.319@example.com,Lara,Ruiz,A
320,320,benjamín.sánchez.320@example.com,Benjamín,Sánchez,A
321,321,martina.garcía.321@example.com,Martina,García,A
322,322,felipe.flores.322@example.com,Felipe,Flores,A
323,323,camila.álvarez.323@example.com,Camila,Álvarez,A
324,324,lucas.fernández.324@example.com,Lucas,Fernández,A
325,325,martina.gómez.325@example.com,Martina,Gómez,A
326,326,franco.ruiz.326@example.com,Franco,Ruiz,I
327,327,lara.romero.327@example.com,Lara,Romero,A
328,328,martina.acosta.328@example.com,Martina,Acosta,A
329,329,isabella.medina.329@example.com,Isabella,Medina,I
330,330,sofía.rodríguez.330@example.com,Sofía,Rodríguez,A
331,331,lucas.gonzález.331@example.com,Lucas,González,A
332,332,santiago.torres.332@example.com,Santiago,Torres,A
333,333,santiago.silva.333@example.com,Santiago,Silva,A
334,334,lucas.díaz.334@example.com,Lucas,Díaz,I
335,335,maría.torres.335@example.com,María,Torres,A
336,336,lucía.pérez.336@example.com,Lucía,Pérez,A
337,337,sofía.rodríguez.337@example.com,Sofía,Rodríguez,A
338,338,martina.lópez.338@example.com,Martina,López,A
339,339,franco.romero.339@example.com,Franco,Romero,A
340,340,olivia.medina.340@example.com,Olivia,Medina,A
341,341,alex.álvarez.341@example.com,Alex,Álvarez,A
342,342,alex.molina.342@example.com,Alex,Molina,A
343,343,lara.acosta.343@example.com,Lara,Acosta,A
344,344,tomás.rodríguez.344@example.com,Tomás,Rodríguez,A
345,345,alex.flores.345@example.com,Alex,Flores,A
346,346,joaquín.medina.346@example.com,Joaquín,Medina,A
347,347,lucía.medina.347@example.com,Lucía,Medina,A
348,348,isabella.romero.348@example.com,Isabella,Romero,A
349,349,lucas.álvarez.349@example.com,Lucas,Álvarez,A
350,350,valentina.gómez.350@example.com,Valentina,Gómez,A
351,351,benjamín.pérez.351@example.com,Benjamín,Pérez,A
352,352,santiago.silva.352@example.com,Santiago,Silva,A
353,353,maría.rojas.353@example.com,María,Rojas,A
354,354,lucía.sánchez.354@example.com,Lucía,Sánchez,A
355,355,martina.díaz.355@example.com,Martina,Díaz,A
356,356,emma.silva.356@example.com,Emma,Silva,A
357,357,tomás.rodríguez.357@example.com,Tomás,Rodríguez,A
358,358,sofía.fernández.358@example.com,Sofía,Fernández,A
359,359,lucía.gonzález.359@example.com,Lucía,González,A
360,360,felipe.acosta.360@example.com,Felipe,Acosta,A
361,361,benjamín.rodríguez.361@example.com,Benjamín,Rodríguez,A
362,362,sofía.martínez.362@example.com,Sofía,Martínez,A
363,363,isabella.acosta.363@example.com,Isabella,Acosta,A
364,364,alex.sánchez.364@example.com,Alex,Sánchez,A
365,365,martina.silva.365@example.com,Martina,Silva,A
366,366,martina.díaz.366@example.com,Martina,Díaz,A
367,367,martina.díaz.367@example.com,Martina,Díaz,A
368,368,lara.pérez.368@example.com,Lara,Pérez,A
369,369,olivia.romero.369@example.com,Olivia,Romero,A
370,370,lucía.acosta.370@example.com,Lucía,Acosta,A
371,371,isabella.gómez.371@example.com,Isabella,Gómez,A
372,372,lara.rojas.372@example.com,Lara,Rojas,A
373,373,sofía.fernández.373@example.com,Sofía,Fernández,A
374,374,benjamín.fernández.374@example.com,Benjamín,Fernández,A
375,375,franco.gómez.375@example.com,Franco,Gómez,I
376,376,martina.molina.376@example.com,Martina,Molina,A
377,377,lucas.pérez.377@example.com,Lucas,Pérez,A
378,378,martina.medina.378@example.com,Martina,Medina,A
379,379,lucas.medina.379@example.com,Lucas,Medina,A
380,380,camila.medina.380@example.com,Camila,Medina,A
381,381,juan.medina.381@example.com,Juan,Medina,A
382,382,olivia.ruiz.382@example.com,Olivia,Ruiz,A
383,383,alex.torres.383@example.com,Alex,Torres,A
384,384,sofía.ruiz.384@example.com,Sofía,Ruiz,A
385,385,juan.acosta.385@example.com,Juan,Acosta,A
386,386,joaquín.álvarez.386@example.com,Joaquín,Álvarez,A
387,387,juan.silva.387@example.com,Juan,Silva,A
388,388,mateo.silva.388@example.com,Mateo,Silva,A
389,389,alex.sánchez.389@example.com,Alex,Sánchez,A
390,390,lucas.torres.390@example.com,Lucas,Torres,A
391,391,lucía.díaz.391@example.com,Lucía,Díaz,A
392,392,joaquín.molina.392@example.com,Joaquín,Molina,A
393,393,valentina.garcía.393@example.com,Valentina,García,A
394,394,tomás.rodríguez.394@example.com,Tomás,Rodríguez,A
395,395,sofía.lópez.395@example.com,Sofía,López,I
396,396,lara.molina.396@example.com,Lara,Molina,A
397,397,benjamín.lópez.397@example.com,Benjamín,López,A
398,398,emma.rodríguez.398@example.com,Emma,Rodríguez,A
399,399,lucas.acosta.399@example.com,Lucas,Acosta,I
400,400,camila.ruiz.400@example.com,Camila,Ruiz,A
401,401,lucas.acosta.401@example.com,Lucas,Acosta,A
402,402,martina.rodríguez.402@example.com,Martina,Rodríguez,A
403,403,lucía.torres.403@example.com,Lucía,Torres,A
404,404,martina.álvarez.404@example.com,Martina,Álvarez,A
405,405,emma.torres.405@example.com,Emma,Torres,A
406,406,valentina.rojas.406@example.com,Valentina,Rojas,A
407,407,valentina.romero.407@example.com,Valentina,Romero,I
408,408,valentina.fernández.408@example.com,Valentina,Fernández,I
409,409,franco.pérez.409@example.com,Franco,Pérez,A
410,410,isabella.flores.410@example.com,Isabella,Flores,A
411,411,santiago.medina.411@example.com,Santiago,Medina,A
412,412,camila.pérez.412@example.com,Camila,Pérez,A
413,413,lucía.gonzález.413@example.com,Lucía,González,A
414,414,lucía.pérez.414@example.com,Lucía,Pérez,A
415,415,lucas.romero.415@example.com,Lucas,Romero,A
416,416,martina.martínez.416@example.com,Martina,Martínez,A
417,417,lucas.acosta.417@example.com,Lucas,Acosta,A
418,418,olivia.rodríguez.418@example.com,Olivia,Rodríguez,A
419,419,joaquín.lópez.419@example.com,Joaquín,López,A
420,420,alex.pérez.420@example.com,Alex,Pérez,A
421,421,felipe.gonzález.421@example.com,Felipe,González,A
422,422,alex.medina.422@example.com,Alex,Medina,A
423,423,olivia.ruiz.423@example.com,Olivia,Ruiz,A
424,424,maría.medina.424@example.com,María,Medina,A
425,425,santiago.díaz.425@example.com,Santiago,Díaz,A
426,426,martina.rojas.426@example.com,Martina,Rojas,I
427,427,juan.rodríguez.427@example.com,Juan,Rodríguez,A
428,428,sofía.gonzález.428@example.com,Sofía,González,A
429,429,camila.rojas.429@example.com,Camila,Rojas,I
430,430,tomás.pérez.430@example.com,Tomás,Pérez,A
431,431,sofía.garcía.431@example.com,Sofía,García,A
432,432,mateo.romero.432@example.com,Mateo,Romero,I
433,433,juan.sánchez.433@example.com,Juan,Sánchez,A
434,434,camila.torres.434@example.com,Camila,Torres,A
435,435,santiago.rodríguez.435@example.com,Santiago,Rodríguez,A
436,436,franco.molina.436@example.com,Franco,Molina,A
437,437,emma.flores.437@example.com,Emma,Flores,A
438,438,mateo.rojas.438@example.com,Mateo,Rojas,A
439,439,juan.garcía.439@example.com,Juan,García,A
440,440,camila.álvarez.440@example.com,Camila,Álvarez,A
441,441,santiago.díaz.441@example.com,Santiago,Díaz,A
442,442,martina.silva.442@example.com,Martina,Silva,A
443,443,juan.álvarez.443@example.com,Juan,Álvarez,A
444,444,alex.sánchez.444@example.com,Alex,Sánchez,A
445,445,lara.medina.445@example.com,Lara,Medina,A
446,446,emma.sánchez.446@example.com,Emma,Sánchez,A
447,447,joaquín.díaz.447@example.com,Joaquín,Díaz,A
448,448,emma.gómez.448@example.com,Emma,Gómez,A
449,449,maría.lópez.449@example.com,María,López,A
450,450,franco.torres.450@example.com,Franco,Torres,A
451,451,joaquín.molina.451@example.com,Joaquín,Molina,A
452,452,camila.martínez.452@example.com,Camila,Martínez,A
453,453,felipe.rojas.453@example.com,Felipe,Rojas,A
454,454,isabella.álvarez.454@example.com,Isabella,Álvarez,A
455,455,mateo.silva.455@example.com,Mateo,Silva,I
456,456,martina.sánchez.456@example.com,Martina,Sánchez,A
457,457,lucía.sánchez.457@example.com,Lucía,Sánchez,A
458,458,isabella.garcía.458@example.com,Isabella,García,I
459,459,lucas.medina.459@example.com,Lucas,Medina,A
460,460,sofía.álvarez.460@example.com,Sofía,Álvarez,A
461,461,maría.gómez.461@example.com,María,Gómez,A
462,462,lara.torres.462@example.com,Lara,Torres,A
463,463,alex.fernández.463@example.com,Alex,Fernández,A
464,464,martina.álvarez.464@example.com,Martina,Álvarez,A
465,465,santiago.gonzález.465@example.com,Santiago,González,A
466,466,maría.lópez.466@example.com,María,López,A
467,467,olivia.acosta.467@example.com,Olivia,Acosta,A
468,468,camila.garcía.468@example.com,Camila,García,A
469,469,camila.fernández.469@example.com,Camila,Fernández,A
470,470,mateo.silva.470@example.com,Mateo,Silva,A
471,471,tomás.torres.471@example.com,Tomás,Torres,A
472,472,alex.molina.472@example.com,Alex,Molina,A
473,473,alex.pérez.473@example.com,Alex,Pérez,A
474,474,lucas.martínez.474@example.com,Lucas,Martínez,A
475,475,emma.acosta.475@example.com,Emma,Acosta,I
476,476,franco.torres.476@example.com,Franco,Torres,A
477,477,franco.martínez.477@example.com,Franco,Martínez,A
478,478,lucía.romero.478@example.com,Lucía,Romero,A
479,479,santiago.lópez.479@example.com,Santiago,López,A
480,480,joaquín.martínez.480@example.com,Joaquín,Martínez,A
481,481,felipe.sánchez.481@example.com,Felipe,Sánchez,A
482,482,santiago.gonzález.482@example.com,Santiago,González,A
483,483,felipe.ruiz.483@example.com,Felipe,Ruiz,A
484,484,mateo.garcía.484@example.com,Mateo,García,A
485,485,sofía.díaz.485@example.com,Sofía,Díaz,A
486,486,lara.acosta.486@example.com,Lara,Acosta,A
487,487,lucas.álvarez.487@example.com,Lucas,Álvarez,A
488,488,lucas.pérez.488@example.com,Lucas,Pérez,A
489,489,sofía.flores.489@example.com,Sofía,Flores,A
490,490,maría.gómez.490@example.com,María,Gómez,A
491,491,mateo.molina.491@example.com,Mateo,Molina,A
492,492,lara.álvarez.492@example.com,Lara,Álvarez,A
493,493,camila.sánchez.493@example.com,Camila,Sánchez,A
494,494,lucía.ruiz.494@example.com,Lucía,Ruiz,A
495,495,lucía.gómez.495@example.com,Lucía,Gómez,A
496,496,felipe.lópez.496@example.com,Felipe,López,A
497,497,martina.garcía.497@example.com,Martina,García,A
498,498,olivia.díaz.498@example.com,Olivia,Díaz,A
499,499,felipe.romero.499@example.com,Felipe,Romero,A
500,500,santiago.garcía.500@example.com,Santiago,García,A
501,501,valentina.acosta.501@example.com,Valentina,Acosta,A
502,502,lucas.rojas.502@example.com,Lucas,Rojas,A
503,503,sofía.rodríguez.503@example.com,Sofía,Rodríguez,A
504,504,maría.martínez.504@example.com,María,Martínez,A
505,505,lucía.sánchez.505@example.com,Lucía,Sánchez,A
506,506,santiago.díaz.506@example.com,Santiago,Díaz,A
507,507,isabella.sánchez.507@example.com,Isabella,Sánchez,A
508,508,juan.fernández.508@example.com,Juan,Fernández,A
509,509,lara.gómez.509@example.com,Lara,Gómez,A
510,510,camila.fernández.510@example.com,Camila,Fernández,A
511,511,juan.gómez.511@example.com,Juan,Gómez,A
512,512,camila.álvarez.512@example.com,Camila,Álvarez,A
513,513,lucía.garcía.513@example.com,Lucía,García,A
514,514,santiago.pérez.514@example.com,Santiago,Pérez,A
515,515,valentina.garcía.515@example.com,Valentina,García,A
516,516,santiago.ruiz.516@example.com,Santiago,Ruiz,A
517,517,juan.gómez.517@example.com,Juan,Gómez,A
518,518,benjamín.pérez.518@example.com,Benjamín,Pérez,A
519,519,benjamín.rodríguez.519@example.com,Benjamín,Rodríguez,A
520,520,isabella.fernández.520@example.com,Isabella,Fernández,A
521,521,alex.álvarez.521@example.com,Alex,Álvarez,A
522,522,santiago.silva.522@example.com,Santiago,Silva,A
523,523,alex.rojas.523@example.com,Alex,Rojas,A
524,524,sofía.torres.524@example.com,Sofía,Torres,A
525,525,joaquín.torres.525@example.com,Joaquín,Torres,A
526,526,emma.garcía.526@example.com,Emma,García,A
527,527,lucas.romero.527@example.com,Lucas,Romero,A
528,528,joaquín.gómez.528@example.com,Joaquín,Gómez,A
529,529,martina.molina.529@example.com,Martina,Molina,A
530,530,alex.lópez.530@example.com,Alex,López,A
531,531,olivia.medina.531@example.com,Olivia,Medina,A
532,532,santiago.lópez.532@example.com,Santiago,López,A
533,533,alex.romero.533@example.com,Alex,Romero,A
534,534,emma.rojas.534@example.com,Emma,Rojas,A
535,535,santiago.rodríguez.535@example.com,Santiago,Rodríguez,A
536,536,mateo.díaz.536@example.com,Mateo,Díaz,A
537,537,olivia.gonzález.537@example.com,Olivia,González,A
538,538,sofía.acosta.538@example.com,Sofía,Acosta,A
539,539,sofía.silva.539@example.com,Sofía,Silva,A
540,540,camila.gómez.540@example.com,Camila,Gómez,A
541,541,juan.rojas.541@example.com,Juan,Rojas,A
542,542,tomás.medina.542@example.com,Tomás,Medina,I
543,543,benjamín.sánchez.543@example.com,Benjamín,Sánchez,A
544,544,santiago.pérez.544@example.com,Santiago,Pérez,A
545,545,martina.álvarez.545@example.com,Martina,Álvarez,I
546,546,tomás.lópez.546@example.com,Tomás,López,A
547,547,lucas.álvarez.547@example.com,Lucas,Álvarez,A
548,548,alex.torres.548@example.com,Alex,Torres,A
549,549,valentina.medina.549@example.com,Valentina,Medina,A
550,550,emma.garcía.550@example.com,Emma,García,A
551,551,santiago.flores.551@example.com,Santiago,Flores,A
552,552,lucía.torres.552@example.com,Lucía,Torres,A
553,553,lucía.gómez.553@example.com,Lucía,Gómez,A
554,554,camila.romero.554@example.com,Camila,Romero,A
555,555,lucía.rojas.555@example.com,Lucía,Rojas,A
556,556,martina.romero.556@example.com,Martina,Romero,A
557,557,martina.sánchez.557@example.com,Martina,Sánchez,A
558,558,mateo.sánchez.558@example.com,Mateo,Sánchez,A
559,559,camila.lópez.559@example.com,Camila,López,A
560,560,olivia.rodríguez.560@example.com,Olivia,Rodríguez,A
561,561,isabella.flores.561@example.com,Isabella,Flores,A
562,562,martina.fernández.562@example.com,Martina,Fernández,A
563,563,sofía.gómez.563@example.com,Sofía,Gómez,A
564,564,juan.rojas.564@example.com,Juan,Rojas,A
565,565,juan.pérez.565@example.com,Juan,Pérez,A
566,566,camila.fernández.566@example.com,Camila,Fernández,A
567,567,lara.ruiz.567@example.com,Lara,Ruiz,A
568,568,isabella.ruiz.568@example.com,Isabella,Ruiz,A
569,569,emma.flores.569@example.com,Emma,Flores,A
570,570,felipe.ruiz.570@example.com,Felipe,Ruiz,A
571,571,emma.torres.571@example.com,Emma,Torres,A
572,572,lucas.gonzález.572@example.com,Lucas,González,A
573,573,lucas.acosta.573@example.com,Lucas,Acosta,A
574,574,isabella.díaz.574@example.com,Isabella,Díaz,A
575,575,emma.rodríguez.575@example.com,Emma,Rodríguez,I
576,576,lara.gómez.576@example.com,Lara,Gómez,A
577,577,emma.silva.577@example.com,Emma,Silva,A
578,578,lara.torres.578@example.com,Lara,Torres,A
579,579,tomás.rojas.579@example.com,Tomás,Rojas,A
580,580,santiago.rojas.580@example.com,Santiago,Rojas,A
581,581,lucas.sánchez.581@example.com,Lucas,Sánchez,A
582,582,tomás.molina.582@example.com,Tomás,Molina,A
583,583,camila.molina.583@example.com,Camila,Molina,A
584,584,camila.rodríguez.584@example.com,Camila,Rodríguez,A
585,585,olivia.álvarez.585@example.com,Olivia,Álvarez,A
586,586,camila.sánchez.586@example.com,Camila,Sánchez,A
587,587,felipe.romero.587@example.com,Felipe,Romero,A
588,588,lara.martínez.588@example.com,Lara,Martínez,A
589,589,mateo.gonzález.589@example.com,Mateo,González,A
590,590,mateo.molina.590@example.com,Mateo,Molina,A
591,591,felipe.lópez.591@example.com,Felipe,López,A
592,592,camila.martínez.592@example.com,Camila,Martínez,A
593,593,martina.gonzález.593@example.com,Martina,González,A
594,594,emma.fernández.594@example.com,Emma,Fernández,A
595,595,joaquín.martínez.595@example.com,Joaquín,Martínez,A
596,596,lucas.torres.596@example.com,Lucas,Torres,A
597,597,martina.garcía.597@example.com,Martina,García,A
598,598,camila.díaz.598@example.com,Camila,Díaz,A
599,599,isabella.martínez.599@example.com,Isabella,Martínez,A
600,600,franco.molina.600@example.com,Franco,Molina,A
601,601,mateo.molina.601@example.com,Mateo,Molina,A
602,602,camila.pérez.602@example.com,Camila,Pérez,A
603,603,benjamín.sánchez.603@example.com,Benjamín,Sánchez,A
604,604,lucía.rodríguez.604@example.com,Lucía,Rodríguez,A
605,605,franco.acosta.605@example.com,Franco,Acosta,A
606,606,benjamín.garcía.606@example.com,Benjamín,García,A
607,607,felipe.acosta.607@example.com,Felipe,Acosta,A
608,608,isabella.martínez.608@example.com,Isabella,Martínez,A
609,609,martina.rodríguez.609@example.com,Martina,Rodríguez,A
610,610,emma.rojas.610@example.com,Emma,Rojas,A
611,611,santiago.silva.611@example.com,Santiago,Silva,I
612,612,isabella.medina.612@example.com,Isabella,Medina,I
613,613,felipe.sánchez.613@example.com,Felipe,Sánchez,A
614,614,lara.medina.614@example.com,Lara,Medina,A
615,615,martina.martínez.615@example.com,Martina,Martínez,I
616,616,lucía.rodríguez.616@example.com,Lucía,Rodríguez,A
617,617,lucía.molina.617@example.com,Lucía,Molina,A
618,618,isabella.silva.618@example.com,Isabella,Silva,A
619,619,martina.gonzález.619@example.com,Martina,González,A
620,620,maría.ruiz.620@example.com,María,Ruiz,A
621,621,lara.fernández.621@example.com,Lara,Fernández,A
622,622,joaquín.díaz.622@example.com,Joaquín,Díaz,A
623,623,mateo.díaz.623@example.com,Mateo,Díaz,A
624,624,isabella.romero.624@example.com,Isabella,Romero,A
625,625,santiago.gonzález.625@example.com,Santiago,González,A
626,626,emma.acosta.626@example.com,Emma,Acosta,A
627,627,lucía.sánchez.627@example.com,Lucía,Sánchez,A
628,628,joaquín.molina.628@example.com,Joaquín,Molina,A
629,629,joaquín.acosta.629@example.com,Joaquín,Acosta,A
630,630,olivia.martínez.630@example.com,Olivia,Martínez,A
631,631,lucía.medina.631@example.com,Lucía,Medina,A
632,632,valentina.rodríguez.632@example.com,Valentina,Rodríguez,A
633,633,valentina.díaz.633@example.com,Valentina,Díaz,A
634,634,maría.gonzález.634@example.com,María,González,A
635,635,felipe.rojas.635@example.com,Felipe,Rojas,A
636,636,juan.sánchez.636@example.com,Juan,Sánchez,A
637,637,tomás.gómez.637@example.com,Tomás,Gómez,A
638,638,alex.gonzález.638@example.com,Alex,González,A
639,639,tomás.díaz.639@example.com,Tomás,Díaz,A
640,640,joaquín.torres.640@example.com,Joaquín,Torres,A
641,641,martina.sánchez.641@example.com,Martina,Sánchez,A
642,642,alex.medina.642@example.com,Alex,Medina,I
643,643,benjamín.fernández.643@example.com,Benjamín,Fernández,A
644,644,emma.díaz.644@example.com,Emma,Díaz,A
645,645,lucía.medina.645@example.com,Lucía,Medina,A
646,646,camila.lópez.646@example.com,Camila,López,A
647,647,emma.ruiz.647@example.com,Emma,Ruiz,A
648,648,camila.gómez.648@example.com,Camila,Gómez,A
649,649,olivia.sánchez.649@example.com,Olivia,Sánchez,A
650,650,maría.acosta.650@example.com,María,Acosta,A
651,651,juan.gómez.651@example.com,Juan,Gómez,A
652,652,camila.álvarez.652@example.com,Camila,Álvarez,A
653,653,felipe.rodríguez.653@example.com,Felipe,Rodríguez,A
654,654,valentina.medina.654@example.com,Valentina,Medina,A
655,655,benjamín.ruiz.655@example.com,Benjamín,Ruiz,A
656,656,valentina.romero.656@example.com,Valentina,Romero,I
657,657,camila.martínez.657@example.com,Camila,Martínez,A
658,658,camila.rodríguez.658@example.com,Camila,Rodríguez,A
659,659,lara.martínez.659@example.com,Lara,Martínez,A
660,660,franco.ruiz.660@example.com,Franco,Ruiz,A
661,661,isabella.gonzález.661@example.com,Isabella,González,A
662,662,camila.medina.662@example.com,Camila,Medina,A
663,663,tomás.álvarez.663@example.com,Tomás,Álvarez,A
664,664,lara.sánchez.664@example.com,Lara,Sánchez,A
665,665,benjamín.flores.665@example.com,Benjamín,Flores,A
666,666,joaquín.lópez.666@example.com,Joaquín,López,I
667,667,valentina.martínez.667@example.com,Valentina,Martínez,A
668,668,tomás.gómez.668@example.com,Tomás,Gómez,I
669,669,lara.medina.669@example.com,Lara,Medina,A
670,670,emma.silva.670@example.com,Emma,Silva,A
671,671,alex.rodríguez.671@example.com,Alex,Rodríguez,A
672,672,maría.silva.672@example.com,María,Silva,A
673,673,alex.sánchez.673@example.com,Alex,Sánchez,A
674,674,franco.molina.674@example.com,Franco,Molina,A
675,675,franco.fernández.675@example.com,Franco,Fernández,A
676,676,valentina.molina.676@example.com,Valentina,Molina,A
677,677,santiago.ruiz.677@example.com,Santiago,Ruiz,A
678,678,valentina.acosta.678@example.com,Valentina,Acosta,A
679,679,maría.rojas.679@example.com,María,Rojas,A
680,680,juan.fernández.680@example.com,Juan,Fernández,A
681,681,benjamín.díaz.681@example.com,Benjamín,Díaz,A
682,682,benjamín.álvarez.682@example.com,Benjamín,Álvarez,A
683,683,maría.rodríguez.683@example.com,María,Rodríguez,A
684,684,santiago.flores.684@example.com,Santiago,Flores,A
685,685,camila.martínez.685@example.com,Camila,Martínez,A
686,686,isabella.acosta.686@example.com,Isabella,Acosta,A
687,687,lucía.rodríguez.687@example.com,Lucía,Rodríguez,A
688,688,lara.acosta.688@example.com,Lara,Acosta,A
689,689,franco.torres.689@example.com,Franco,Torres,A
690,690,felipe.acosta.690@example.com,Felipe,Acosta,A
691,691,juan.díaz.691@example.com,Juan,Díaz,A
692,692,camila.medina.692@example.com,Camila,Medina,A
693,693,tomás.acosta.693@example.com,Tomás,Acosta,A
694,694,lucas.molina.694@example.com,Lucas,Molina,A
695,695,felipe.acosta.695@example.com,Felipe,Acosta,A
696,696,tomás.romero.696@example.com,Tomás,Romero,A
697,697,lucas.torres.697@example.com,Lucas,Torres,A
698,698,martina.rojas.698@example.com,Martina,Rojas,A
699,699,camila.fernández.699@example.com,Camila,Fernández,A
700,700,isabella.ruiz.700@example.com,Isabella,Ruiz,A
701,701,franco.molina.701@example.com,Franco,Molina,A
702,702,martina.romero.702@example.com,Martina,Romero,A
703,703,camila.silva.703@example.com,Camila,Silva,A
704,704,martina.fernández.704@example.com,Martina,Fernández,A
705,705,camila.álvarez.705@example.com,Camila,Álvarez,A
706,706,olivia.álvarez.706@example.com,Olivia,Álvarez,A
707,707,lucía.ruiz.707@example.com,Lucía,Ruiz,A
708,708,maría.torres.708@example.com,María,Torres,A
709,709,maría.ruiz.709@example.com,María,Ruiz,A
710,710,martina.rojas.710@example.com,Martina,Rojas,A
711,711,olivia.rodríguez.711@example.com,Olivia,Rodríguez,A
712,712,mateo.rojas.712@example.com,Mateo,Rojas,A
713,713,isabella.molina.713@example.com,Isabella,Molina,A
714,714,joaquín.molina.714@example.com,Joaquín,Molina,A
715,715,isabella.romero.715@example.com,Isabella,Romero,A
716,716,joaquín.molina.716@example.com,Joaquín,Molina,A
717,717,lucas.romero.717@example.com,Lucas,Romero,A
718,718,valentina.molina.718@example.com,Valentina,Molina,A
719,719,mateo.medina.719@example.com,Mateo,Medina,A
720,720,santiago.silva.720@example.com,Santiago,Silva,A
721,721,benjamín.ruiz.721@example.com,Benjamín,Ruiz,A
722,722,isabella.lópez.722@example.com,Isabella,López,A
723,723,mateo.sánchez.723@example.com,Mateo,Sánchez,A
724,724,valentina.silva.724@example.com,Valentina,Silva,A
725,725,franco.silva.725@example.com,Franco,Silva,A
726,726,olivia.sánchez.726@example.com,Olivia,Sánchez,A
727,727,joaquín.romero.727@example.com,Joaquín,Romero,A
728,728,valentina.molina.728@example.com,Valentina,Molina,A
729,729,santiago.rojas.729@example.com,Santiago,Rojas,A
730,730,benjamín.flores.730@example.com,Benjamín,Flores,I
731,731,mateo.medina.731@example.com,Mateo,Medina,A
732,732,lucas.díaz.732@example.com,Lucas,Díaz,A
733,733,camila.flores.733@example.com,Camila,Flores,A
734,734,camila.molina.734@example.com,Camila,Molina,A
735,735,lara.silva.735@example.com,Lara,Silva,A
736,736,tomás.martínez.736@example.com,Tomás,Martínez,A
737,737,joaquín.silva.737@example.com,Joaquín,Silva,A
738,738,valentina.romero.738@example.com,Valentina,Romero,A
739,739,felipe.silva.739@example.com,Felipe,Silva,A
740,740,santiago.flores.740@example.com,Santiago,Flores,A
741,741,camila.torres.741@example.com,Camila,Torres,A
742,742,emma.silva.742@example.com,Emma,Silva,A
743,743,olivia.medina.743@example.com,Olivia,Medina,A
744,744,camila.medina.744@example.com,Camila,Medina,A
745,745,lucas.gonzález.745@example.com,Lucas,González,A
746,746,maría.pérez.746@example.com,María,Pérez,A
747,747,lucía.gonzález.747@example.com,Lucía,González,A
748,748,juan.rodríguez.748@example.com,Juan,Rodríguez,A
749,749,emma.ruiz.749@example.com,Emma,Ruiz,A
750,750,camila.gonzález.750@example.com,Camila,González,A
751,751,franco.garcía.751@example.com,Franco,García,A
752,752,santiago.medina.752@example.com,Santiago,Medina,A
753,753,benjamín.flores.753@example.com,Benjamín,Flores,A
754,754,mateo.silva.754@example.com,Mateo,Silva,A
755,755,benjamín.lópez.755@example.com,Benjamín,López,A
756,756,lucas.silva.756@example.com,Lucas,Silva,A
757,757,lucas.silva.757@example.com,Lucas,Silva,A
758,758,valentina.ruiz.758@example.com,Valentina,Ruiz,A
759,759,mateo.martínez.759@example.com,Mateo,Martínez,A
760,760,maría.martínez.760@example.com,María,Martínez,A
761,761,martina.silva.761@example.com,Martina,Silva,A
762,762,maría.pérez.762@example.com,María,Pérez,A
763,763,lucía.gómez.763@example.com,Lucía,Gómez,A
764,764,camila.acosta.764@example.com,Camila,Acosta,A
765,765,lara.rojas.765@example.com,Lara,Rojas,A
766,766,alex.romero.766@example.com,Alex,Romero,A
767,767,santiago.lópez.767@example.com,Santiago,López,A
768,768,martina.álvarez.768@example.com,Martina,Álvarez,A
769,769,franco.garcía.769@example.com,Franco,García,A
770,770,valentina.díaz.770@example.com,Valentina,Díaz,A
771,771,alex.medina.771@example.com,Alex,Medina,A
772,772,sofía.silva.772@example.com,Sofía,Silva,A
773,773,lucía.álvarez.773@example.com,Lucía,Álvarez,A
774,774,martina.medina.774@example.com,Martina,Medina,A
775,775,alex.gómez.775@example.com,Alex,Gómez,I
776,776,lucía.flores.776@example.com,Lucía,Flores,A
777,777,santiago.rodríguez.777@example.com,Santiago,Rodríguez,A
778,778,emma.álvarez.778@example.com,Emma,Álvarez,A
779,779,santiago.torres.779@example.com,Santiago,Torres,A
780,780,camila.fernández.780@example.com,Camila,Fernández,I
781,781,lara.silva.781@example.com,Lara,Silva,A
782,782,lara.garcía.782@example.com,Lara,García,A
783,783,isabella.álvarez.783@example.com,Isabella,Álvarez,A
784,784,franco.gonzález.784@example.com,Franco,González,A
785,785,tomás.garcía.785@example.com,Tomás,García,A
786,786,mateo.martínez.786@example.com,Mateo,Martínez,A
787,787,joaquín.romero.787@example.com,Joaquín,Romero,A
788,788,valentina.rojas.788@example.com,Valentina,Rojas,A
789,789,tomás.rodríguez.789@example.com,Tomás,Rodríguez,A
790,790,olivia.rodríguez.790@example.com,Olivia,Rodríguez,A
791,791,emma.martínez.791@example.com,Emma,Martínez,I
792,792,juan.pérez.792@example.com,Juan,Pérez,A
793,793,mateo.gómez.793@example.com,Mateo,Gómez,A
794,794,franco.medina.794@example.com,Franco,Medina,A
795,795,franco.rojas.795@example.com,Franco,Rojas,A
796,796,maría.gonzález.796@example.com,María,González,A
797,797,lucía.molina.797@example.com,Lucía,Molina,A
798,798,olivia.fernández.798@example.com,Olivia,Fernández,A
799,799,alex.ruiz.799@example.com,Alex,Ruiz,A
800,800,joaquín.gómez.800@example.com,Joaquín,Gómez,A
801,801,lara.rojas.801@example.com,Lara,Rojas,A
802,802,tomás.garcía.802@example.com,Tomás,García,A
803,803,emma.pérez.803@example.com,Emma,Pérez,A
804,804,maría.medina.804@example.com,María,Medina,A
805,805,joaquín.álvarez.805@example.com,Joaquín,Álvarez,A
806,806,lucas.ruiz.806@example.com,Lucas,Ruiz,A
807,807,valentina.ruiz.807@example.com,Valentina,Ruiz,A
808,808,santiago.silva.808@example.com,Santiago,Silva,A
809,809,isabella.lópez.809@example.com,Isabella,López,A
810,810,martina.martínez.810@example.com,Martina,Martínez,A
811,811,lucas.molina.811@example.com,Lucas,Molina,A
812,812,isabella.gonzález.812@example.com,Isabella,González,A
813,813,franco.ruiz.813@example.com,Franco,Ruiz,A
814,814,juan.molina.814@example.com,Juan,Molina,A
815,815,benjamín.molina.815@example.com,Benjamín,Molina,A
816,816,martina.gonzález.816@example.com,Martina,González,A
817,817,valentina.rodríguez.817@example.com,Valentina,Rodríguez,A
818,818,franco.martínez.818@example.com,Franco,Martínez,A
819,819,mateo.garcía.819@example.com,Mateo,García,A
820,820,isabella.rojas.820@example.com,Isabella,Rojas,A
821,821,lucas.sánchez.821@example.com,Lucas,Sánchez,A
822,822,emma.gómez.822@example.com,Emma,Gómez,I
823,823,lara.gonzález.823@example.com,Lara,González,A
824,824,lucas.garcía.824@example.com,Lucas,García,A
825,825,emma.silva.825@example.com,Emma,Silva,A
826,826,isabella.rojas.826@example.com,Isabella,Rojas,A
827,827,martina.rojas.827@example.com,Martina,Rojas,A
828,828,juan.torres.828@example.com,Juan,Torres,A
829,829,camila.ruiz.829@example.com,Camila,Ruiz,A
830,830,emma.gómez.830@example.com,Emma,Gómez,A
831,831,lucas.martínez.831@example.com,Lucas,Martínez,A
832,832,mateo.pérez.832@example.com,Mateo,Pérez,A
833,833,emma.pérez.833@example.com,Emma,Pérez,A
834,834,lucía.fernández.834@example.com,Lucía,Fernández,A
835,835,lucas.rodríguez.835@example.com,Lucas,Rodríguez,A
836,836,lara.díaz.836@example.com,Lara,Díaz,A
837,837,isabella.gómez.837@example.com,Isabella,Gómez,A
838,838,joaquín.acosta.838@example.com,Joaquín,Acosta,A
839,839,isabella.martínez.839@example.com,Isabella,Martínez,I
840,840,camila.gonzález.840@example.com,Camila,González,A
841,841,camila.álvarez.841@example.com,Camila,Álvarez,A
842,842,emma.gómez.842@example.com,Emma,Gómez,A
843,843,mateo.acosta.843@example.com,Mateo,Acosta,A
844,844,isabella.díaz.844@example.com,Isabella,Díaz,A
845,845,maría.díaz.845@example.com,María,Díaz,A
846,846,valentina.lópez.846@example.com,Valentina,López,I
847,847,alex.martínez.847@example.com,Alex,Martínez,A
848,848,camila.acosta.848@example.com,Camila,Acosta,A
849,849,maría.martínez.849@example.com,María,Martínez,A
850,850,maría.flores.850@example.com,María,Flores,A
851,851,lucas.silva.851@example.com,Lucas,Silva,A
852,852,joaquín.fernández.852@example.com,Joaquín,Fernández,A
853,853,mateo.sánchez.853@example.com,Mateo,Sánchez,A
854,854,martina.garcía.854@example.com,Martina,García,A
855,855,mateo.romero.855@example.com,Mateo,Romero,A
856,856,juan.martínez.856@example.com,Juan,Martínez,A
857,857,emma.molina.857@example.com,Emma,Molina,A
858,858,lara.medina.858@example.com,Lara,Medina,A
859,859,alex.lópez.859@example.com,Alex,López,A
860,860,valentina.martínez.860@example.com,Valentina,Martínez,A
861,861,lucas.rodríguez.861@example.com,Lucas,Rodríguez,A
862,862,maría.díaz.862@example.com,María,Díaz,A
863,863,tomás.gómez.863@example.com,Tomás,Gómez,A
864,864,olivia.martínez.864@example.com,Olivia,Martínez,A
865,865,felipe.flores.865@example.com,Felipe,Flores,A
866,866,martina.lópez.866@example.com,Martina,López,A
867,867,lara.molina.867@example.com,Lara,Molina,A
868,868,lucas.sánchez.868@example.com,Lucas,Sánchez,A
869,869,juan.flores.869@example.com,Juan,Flores,A
870,870,benjamín.gonzález.870@example.com,Benjamín,González,A
871,871,benjamín.acosta.871@example.com,Benjamín,Acosta,A
872,872,benjamín.gonzález.872@example.com,Benjamín,González,A
873,873,alex.silva.873@example.com,Alex,Silva,A
874,874,tomás.martínez.874@example.com,Tomás,Martínez,A
875,875,tomás.díaz.875@example.com,Tomás,Díaz,A
876,876,franco.díaz.876@example.com,Franco,Díaz,A
877,877,joaquín.pérez.877@example.com,Joaquín,Pérez,A
878,878,maría.flores.878@example.com,María,Flores,A
879,879,camila.gonzález.879@example.com,Camila,González,A
880,880,mateo.fernández.880@example.com,Mateo,Fernández,A
881,881,tomás.garcía.881@example.com,Tomás,García,A
882,882,joaquín.sánchez.882@example.com,Joaquín,Sánchez,A
883,883,sofía.romero.883@example.com,Sofía,Romero,A
884,884,emma.torres.884@example.com,Emma,Torres,A
885,885,emma.torres.885@example.com,Emma,Torres,A
886,886,martina.gómez.886@example.com,Martina,Gómez,I
887,887,maría.medina.887@example.com,María,Medina,I
888,888,benjamín.romero.888@example.com,Benjamín,Romero,A
889,889,maría.díaz.889@example.com,María,Díaz,A
890,890,sofía.pérez.890@example.com,Sofía,Pérez,A
891,891,alex.martínez.891@example.com,Alex,Martínez,A
892,892,tomás.gonzález.892@example.com,Tomás,González,A
893,893,santiago.garcía.893@example.com,Santiago,García,A
894,894,sofía.rodríguez.894@example.com,Sofía,Rodríguez,A
895,895,lucía.acosta.895@example.com,Lucía,Acosta,A
896,896,valentina.gonzález.896@example.com,Valentina,González,A
897,897,sofía.acosta.897@example.com,Sofía,Acosta,A
898,898,felipe.pérez.898@example.com,Felipe,Pérez,A
899,899,martina.díaz.899@example.com,Martina,Díaz,A
900,900,olivia.lópez.900@example.com,Olivia,López,A
901,901,santiago.flores.901@example.com,Santiago,Flores,A
902,902,mateo.gonzález.902@example.com,Mateo,González,A
903,903,juan.silva.903@example.com,Juan,Silva,A
904,904,lucas.lópez.904@example.com,Lucas,López,A
905,905,maría.fernández.905@example.com,María,Fernández,A
906,906,mateo.rodríguez.906@example.com,Mateo,Rodríguez,A
907,907,sofía.rojas.907@example.com,Sofía,Rojas,A
908,908,franco.rojas.908@example.com,Franco,Rojas,A
909,909,alex.pérez.909@example.com,Alex,Pérez,A
910,910,sofía.álvarez.910@example.com,Sofía,Álvarez,A
911,911,sofía.molina.911@example.com,Sofía,Molina,A
912,912,juan.pérez.912@example.com,Juan,Pérez,A
913,913,lucas.torres.913@example.com,Lucas,Torres,A
914,914,lucas.silva.914@example.com,Lucas,Silva,A
915,915,joaquín.fernández.915@example.com,Joaquín,Fernández,A
916,916,camila.martínez.916@example.com,Camila,Martínez,I
917,917,camila.silva.917@example.com,Camila,Silva,A
918,918,camila.molina.918@example.com,Camila,Molina,A
919,919,lucas.díaz.919@example.com,Lucas,Díaz,I
920,920,alex.rodríguez.920@example.com,Alex,Rodríguez,A
921,921,benjamín.gonzález.921@example.com,Benjamín,González,I
922,922,alex.díaz.922@example.com,Alex,Díaz,A
923,923,sofía.flores.923@example.com,Sofía,Flores,A
924,924,lara.gómez.924@example.com,Lara,Gómez,A
925,925,lara.torres.925@example.com,Lara,Torres,A
926,926,felipe.martínez.926@example.com,Felipe,Martínez,A
927,927,sofía.rojas.927@example.com,Sofía,Rojas,A
928,928,santiago.ruiz.928@example.com,Santiago,Ruiz,A
929,929,franco.gonzález.929@example.com,Franco,González,A
930,930,benjamín.medina.930@example.com,Benjamín,Medina,A
931,931,olivia.gómez.931@example.com,Olivia,Gómez,A
932,932,franco.rojas.932@example.com,Franco,Rojas,A
933,933,isabella.lópez.933@example.com,Isabella,López,A
934,934,lucas.torres.934@example.com,Lucas,Torres,A
935,935,lucía.lópez.935@example.com,Lucía,López,A
936,936,lara.pérez.936@example.com,Lara,Pérez,A
937,937,tomás.garcía.937@example.com,Tomás,García,A
938,938,maría.ruiz.938@example.com,María,Ruiz,A
939,939,santiago.molina.939@example.com,Santiago,Molina,A
940,940,santiago.molina.940@example.com,Santiago,Molina,I
941,941,martina.rodríguez.941@example.com,Martina,Rodríguez,A
942,942,lucía.garcía.942@example.com,Lucía,García,A
943,943,benjamín.gonzález.943@example.com,Benjamín,González,A
944,944,martina.acosta.944@example.com,Martina,Acosta,A
945,945,valentina.silva.945@example.com,Valentina,Silva,A
946,946,franco.lópez.946@example.com,Franco,López,A
947,947,lara.medina.947@example.com,Lara,Medina,A
948,948,valentina.molina.948@example.com,Valentina,Molina,A
949,949,isabella.díaz.949@example.com,Isabella,Díaz,A
950,950,alex.sánchez.950@example.com,Alex,Sánchez,A
951,951,isabella.medina.951@example.com,Isabella,Medina,A
952,952,franco.silva.952@example.com,Franco,Silva,A
953,953,lucas.gonzález.953@example.com,Lucas,González,A
954,954,camila.acosta.954@example.com,Camila,Acosta,A
955,955,santiago.álvarez.955@example.com,Santiago,Álvarez,A
956,956,sofía.díaz.956@example.com,Sofía,Díaz,A
957,957,tomás.lópez.957@example.com,Tomás,López,A
958,958,isabella.medina.958@example.com,Isabella,Medina,A
959,959,tomás.rojas.959@example.com,Tomás,Rojas,A
960,960,martina.silva.960@example.com,Martina,Silva,A
961,961,valentina.lópez.961@example.com,Valentina,López,A
962,962,joaquín.lópez.962@example.com,Joaquín,López,A
963,963,juan.silva.963@example.com,Juan,Silva,A
964,964,camila.lópez.964@example.com,Camila,López,A
965,965,joaquín.sánchez.965@example.com,Joaquín,Sánchez,A
966,966,valentina.fernández.966@example.com,Valentina,Fernández,A
967,967,franco.gómez.967@example.com,Franco,Gómez,A
968,968,felipe.lópez.968@example.com,Felipe,López,A
969,969,mateo.torres.969@example.com,Mateo,Torres,A
970,970,tomás.rodríguez.970@example.com,Tomás,Rodríguez,A
971,971,joaquín.gómez.971@example.com,Joaquín,Gómez,A
972,972,juan.martínez.972@example.com,Juan,Martínez,I
973,973,camila.flores.973@example.com,Camila,Flores,A
974,974,franco.torres.974@example.com,Franco,Torres,A
975,975,sofía.medina.975@example.com,Sofía,Medina,A
976,976,olivia.silva.976@example.com,Olivia,Silva,I
977,977,olivia.rodríguez.977@example.com,Olivia,Rodríguez,A
978,978,benjamín.flores.978@example.com,Benjamín,Flores,A
979,979,lucía.flores.979@example.com,Lucía,Flores,A
980,980,maría.martínez.980@example.com,María,Martínez,A
981,981,isabella.ruiz.981@example.com,Isabella,Ruiz,A
982,982,lara.pérez.982@example.com,Lara,Pérez,A
983,983,mateo.fernández.983@example.com,Mateo,Fernández,A
984,984,juan.medina.984@example.com,Juan,Medina,A
985,985,isabella.silva.985@example.com,Isabella,Silva,A
986,986,lara.lópez.986@example.com,Lara,López,A
987,987,joaquín.sánchez.987@example.com,Joaquín,Sánchez,A
988,988,mateo.fernández.988@example.com,Mateo,Fernández,A
989,989,franco.díaz.989@example.com,Franco,Díaz,A
990,990,alex.molina.990@example.com,Alex,Molina,A
991,991,martina.ruiz.991@example.com,Martina,Ruiz,A
992,992,lucas.díaz.992@example.com,Lucas,Díaz,A
993,993,mateo.lópez.993@example.com,Mateo,López,A
994,994,sofía.rojas.994@example.com,Sofía,Rojas,A
995,995,sofía.fernández.995@example.com,Sofía,Fernández,I
996,996,franco.molina.996@example.com,Franco,Molina,A
997,997,lara.álvarez.997@example.com,Lara,Álvarez,A
998,998,santiago.torres.998@example.com,Santiago,Torres,A
999,999,benjamín.acosta.999@example.com,Benjamín,Acosta,A
1000,1000,olivia.ruiz.1000@example.com,Olivia,Ruiz,A
1001,1001,maría.rojas.1001@example.com,María,Rojas,I
1002,1002,felipe.molina.1002@example.com,Felipe,Molina,A
1003,1003,franco.romero.1003@example.com,Franco,Romero,A
1004,1004,franco.rojas.1004@example.com,Franco,Rojas,A
1005,1005,mateo.molina.1005@example.com,Mateo,Molina,A
1006,1006,maría.gonzález.1006@example.com,María,González,A
1007,1007,franco.ruiz.1007@example.com,Franco,Ruiz,A
1008,1008,alex.pérez.1008@example.com,Alex,Pérez,A
1009,1009,benjamín.medina.1009@example.com,Benjamín,Medina,A
1010,1010,camila.romero.1010@example.com,Camila,Romero,A
1011,1011,valentina.romero.1011@example.com,Valentina,Romero,A
1012,1012,sofía.lópez.1012@example.com,Sofía,López,A
1013,1013,camila.flores.1013@example.com,Camila,Flores,A
1014,1014,benjamín.rojas.1014@example.com,Benjamín,Rojas,A
1015,1015,valentina.rojas.1015@example.com,Valentina,Rojas,A
1016,1016,lucía.díaz.1016@example.com,Lucía,Díaz,A
1017,1017,mateo.rojas.1017@example.com,Mateo,Rojas,A
1018,1018,camila.rodríguez.1018@example.com,Camila,Rodríguez,A
1019,1019,santiago.flores.1019@example.com,Santiago,Flores,I
1020,1020,benjamín.martínez.1020@example.com,Benjamín,Martínez,A
1021,1021,juan.flores.1021@example.com,Juan,Flores,A
1022,1022,lucía.pérez.1022@example.com,Lucía,Pérez,A
1023,1023,camila.lópez.1023@example.com,Camila,López,A
1024,1024,valentina.rodríguez.1024@example.com,Valentina,Rodríguez,A
1025,1025,alex.sánchez.1025@example.com,Alex,Sánchez,A
1026,1026,martina.rodríguez.1026@example.com,Martina,Rodríguez,A
1027,1027,lara.sánchez.1027@example.com,Lara,Sánchez,A
1028,1028,valentina.sánchez.1028@example.com,Valentina,Sánchez,A
1029,1029,emma.lópez.1029@example.com,Emma,López,A
1030,1030,maría.pérez.1030@example.com,María,Pérez,A
1031,1031,lucía.sánchez.1031@example.com,Lucía,Sánchez,A
1032,1032,franco.romero.1032@example.com,Franco,Romero,A
1033,1033,felipe.rodríguez.1033@example.com,Felipe,Rodríguez,A
1034,1034,isabella.martínez.1034@example.com,Isabella,Martínez,A
1035,1035,benjamín.romero.1035@example.com,Benjamín,Romero,A
1036,1036,martina.rojas.1036@example.com,Martina,Rojas,A
1037,1037,martina.sánchez.1037@example.com,Martina,Sánchez,A
1038,1038,tomás.gómez.1038@example.com,Tomás,Gómez,A
1039,1039,isabella.martínez.1039@example.com,Isabella,Martínez,A
1040,1040,martina.acosta.1040@example.com,Martina,Acosta,A
1041,1041,felipe.flores.1041@example.com,Felipe,Flores,A
1042,1042,olivia.fernández.1042@example.com,Olivia,Fernández,A
1043,1043,lucas.garcía.1043@example.com,Lucas,García,A
1044,1044,lara.ruiz.1044@example.com,Lara,Ruiz,A
1045,1045,felipe.torres.1045@example.com,Felipe,Torres,A
1046,1046,lara.romero.1046@example.com,Lara,Romero,A
1047,1047,lara.acosta.1047@example.com,Lara,Acosta,A
1048,1048,lucas.fernández.1048@example.com,Lucas,Fernández,A
1049,1049,juan.molina.1049@example.com,Juan,Molina,A
1050,1050,felipe.rodríguez.1050@example.com,Felipe,Rodríguez,A
1051,1051,lucía.lópez.1051@example.com,Lucía,López,A
1052,1052,valentina.pérez.1052@example.com,Valentina,Pérez,A
1053,1053,joaquín.álvarez.1053@example.com,Joaquín,Álvarez,A
1054,1054,lucía.sánchez.1054@example.com,Lucía,Sánchez,A
1055,1055,alex.silva.1055@example.com,Alex,Silva,I
1056,1056,alex.gómez.1056@example.com,Alex,Gómez,A
1057,1057,isabella.torres.1057@example.com,Isabella,Torres,A
1058,1058,felipe.lópez.1058@example.com,Felipe,López,A
1059,1059,lucía.sánchez.1059@example.com,Lucía,Sánchez,A
1060,1060,juan.gonzález.1060@example.com,Juan,González,A
1061,1061,lucía.garcía.1061@example.com,Lucía,García,A
1062,1062,franco.ruiz.1062@example.com,Franco,Ruiz,A
1063,1063,lucas.flores.1063@example.com,Lucas,Flores,A
1064,1064,franco.gonzález.1064@example.com,Franco,González,A
1065,1065,emma.ruiz.1065@example.com,Emma,Ruiz,A
1066,1066,sofía.rojas.1066@example.com,Sofía,Rojas,A
1067,1067,juan.lópez.1067@example.com,Juan,López,A
1068,1068,olivia.garcía.1068@example.com,Olivia,García,A
1069,1069,felipe.garcía.1069@example.com,Felipe,García,A
1070,1070,camila.silva.1070@example.com,Camila,Silva,A
1071,1071,felipe.rojas.1071@example.com,Felipe,Rojas,A
1072,1072,benjamín.martínez.1072@example.com,Benjamín,Martínez,A
1073,1073,sofía.acosta.1073@example.com,Sofía,Acosta,A
1074,1074,franco.gonzález.1074@example.com,Franco,González,A
1075,1075,juan.díaz.1075@example.com,Juan,Díaz,A
1076,1076,emma.gonzález.1076@example.com,Emma,González,A
1077,1077,martina.álvarez.1077@example.com,Martina,Álvarez,A
1078,1078,mateo.medina.1078@example.com,Mateo,Medina,A
1079,1079,franco.lópez.1079@example.com,Franco,López,A
1080,1080,tomás.flores.1080@example.com,Tomás,Flores,A
1081,1081,sofía.díaz.1081@example.com,Sofía,Díaz,A
1082,1082,martina.torres.1082@example.com,Martina,Torres,A
1083,1083,isabella.torres.1083@example.com,Isabella,Torres,A
1084,1084,alex.sánchez.1084@example.com,Alex,Sánchez,A
1085,1085,olivia.rodríguez.1085@example.com,Olivia,Rodríguez,A
1086,1086,franco.díaz.1086@example.com,Franco,Díaz,A
1087,1087,lara.torres.1087@example.com,Lara,Torres,A
1088,1088,olivia.romero.1088@example.com,Olivia,Romero,A
1089,1089,lucas.gonzález.1089@example.com,Lucas,González,A
1090,1090,joaquín.fernández.1090@example.com,Joaquín,Fernández,A
1091,1091,tomás.sánchez.1091@example.com,Tomás,Sánchez,A
1092,1092,sofía.molina.1092@example.com,Sofía,Molina,A
1093,1093,maría.garcía.1093@example.com,María,García,A
1094,1094,maría.martínez.1094@example.com,María,Martínez,A
1095,1095,emma.ruiz.1095@example.com,Emma,Ruiz,A
1096,1096,mateo.garcía.1096@example.com,Mateo,García,A
1097,1097,camila.rodríguez.1097@example.com,Camila,Rodríguez,I
1098,1098,martina.garcía.1098@example.com,Martina,García,I
1099,1099,mateo.acosta.1099@example.com,Mateo,Acosta,A
1100,1100,franco.fernández.1100@example.com,Franco,Fernández,A
1101,1101,sofía.garcía.1101@example.com,Sofía,García,A
1102,1102,alex.acosta.1102@example.com,Alex,Acosta,A
1103,1103,isabella.díaz.1103@example.com,Isabella,Díaz,A
1104,1104,olivia.acosta.1104@example.com,Olivia,Acosta,A
1105,1105,tomás.gonzález.1105@example.com,Tomás,González,I
1106,1106,lara.silva.1106@example.com,Lara,Silva,I
1107,1107,isabella.rodríguez.1107@example.com,Isabella,Rodríguez,I
1108,1108,lucas.romero.1108@example.com,Lucas,Romero,A
1109,1109,mateo.silva.1109@example.com,Mateo,Silva,I
1110,1110,isabella.fernández.1110@example.com,Isabella,Fernández,A
1111,1111,martina.pérez.1111@example.com,Martina,Pérez,A
1112,1112,felipe.torres.1112@example.com,Felipe,Torres,A
1113,1113,lucas.flores.1113@example.com,Lucas,Flores,I
1114,1114,sofía.romero.1114@example.com,Sofía,Romero,A
1115,1115,valentina.medina.1115@example.com,Valentina,Medina,A
1116,1116,lara.gómez.1116@example.com,Lara,Gómez,A
1117,1117,alex.acosta.1117@example.com,Alex,Acosta,A
1118,1118,lucía.gonzález.1118@example.com,Lucía,González,A
1119,1119,martina.molina.1119@example.com,Martina,Molina,A
1120,1120,maría.acosta.1120@example.com,María,Acosta,A
1121,1121,valentina.ruiz.1121@example.com,Valentina,Ruiz,A
1122,1122,maría.rojas.1122@example.com,María,Rojas,A
1123,1123,lara.martínez.1123@example.com,Lara,Martínez,A
1124,1124,joaquín.martínez.1124@example.com,Joaquín,Martínez,A
1125,1125,tomás.rojas.1125@example.com,Tomás,Rojas,A
1126,1126,alex.acosta.1126@example.com,Alex,Acosta,A
1127,1127,lara.sánchez.1127@example.com,Lara,Sánchez,A
1128,1128,valentina.lópez.1128@example.com,Valentina,López,A
1129,1129,tomás.martínez.1129@example.com,Tomás,Martínez,A
1130,1130,franco.garcía.1130@example.com,Franco,García,A
1131,1131,joaquín.gonzález.1131@example.com,Joaquín,González,A
1132,1132,maría.molina.1132@example.com,María,Molina,A
1133,1133,tomás.flores.1133@example.com,Tomás,Flores,A
1134,1134,sofía.pérez.1134@example.com,Sofía,Pérez,A
1135,1135,mateo.martínez.1135@example.com,Mateo,Martínez,A
1136,1136,benjamín.pérez.1136@example.com,Benjamín,Pérez,A
1137,1137,maría.rodríguez.1137@example.com,María,Rodríguez,A
1138,1138,felipe.medina.1138@example.com,Felipe,Medina,A
1139,1139,lara.rojas.1139@example.com,Lara,Rojas,A
1140,1140,maría.romero.1140@example.com,María,Romero,A
1141,1141,isabella.gómez.1141@example.com,Isabella,Gómez,A
1142,1142,joaquín.lópez.1142@example.com,Joaquín,López,A
1143,1143,isabella.álvarez.1143@example.com,Isabella,Álvarez,A
1144,1144,emma.pérez.1144@example.com,Emma,Pérez,A
1145,1145,lucía.fernández.1145@example.com,Lucía,Fernández,A
1146,1146,camila.gómez.1146@example.com,Camila,Gómez,A
1147,1147,lara.silva.1147@example.com,Lara,Silva,A
1148,1148,felipe.pérez.1148@example.com,Felipe,Pérez,A
1149,1149,alex.ruiz.1149@example.com,Alex,Ruiz,A
1150,1150,joaquín.rojas.1150@example.com,Joaquín,Rojas,A
1151,1151,joaquín.rodríguez.1151@example.com,Joaquín,Rodríguez,I
1152,1152,joaquín.medina.1152@example.com,Joaquín,Medina,A
1153,1153,felipe.gómez.1153@example.com,Felipe,Gómez,A
1154,1154,valentina.lópez.1154@example.com,Valentina,López,A
1155,1155,felipe.sánchez.1155@example.com,Felipe,Sánchez,A
1156,1156,martina.lópez.1156@example.com,Martina,López,A
1157,1157,martina.gonzález.1157@example.com,Martina,González,A
1158,1158,olivia.rodríguez.1158@example.com,Olivia,Rodríguez,A
1159,1159,lara.pérez.1159@example.com,Lara,Pérez,A
1160,1160,olivia.álvarez.1160@example.com,Olivia,Álvarez,A
1161,1161,martina.molina.1161@example.com,Martina,Molina,A
1162,1162,lucas.pérez.1162@example.com,Lucas,Pérez,I
1163,1163,maría.acosta.1163@example.com,María,Acosta,A
1164,1164,camila.álvarez.1164@example.com,Camila,Álvarez,A
1165,1165,sofía.garcía.1165@example.com,Sofía,García,A
1166,1166,olivia.fernández.1166@example.com,Olivia,Fernández,A
1167,1167,martina.molina.1167@example.com,Martina,Molina,A
1168,1168,martina.garcía.1168@example.com,Martina,García,A
1169,1169,juan.fernández.1169@example.com,Juan,Fernández,A
1170,1170,lucía.pérez.1170@example.com,Lucía,Pérez,I
1171,1171,joaquín.silva.1171@example.com,Joaquín,Silva,A
1172,1172,martina.gonzález.1172@example.com,Martina,González,A
1173,1173,olivia.romero.1173@example.com,Olivia,Romero,A
1174,1174,lara.medina.1174@example.com,Lara,Medina,A
1175,1175,lara.lópez.1175@example.com,Lara,López,A
1176,1176,tomás.acosta.1176@example.com,Tomás,Acosta,I
1177,1177,santiago.sánchez.1177@example.com,Santiago,Sánchez,I
1178,1178,benjamín.martínez.1178@example.com,Benjamín,Martínez,A
1179,1179,tomás.fernández.1179@example.com,Tomás,Fernández,I
1180,1180,emma.álvarez.1180@example.com,Emma,Álvarez,A
1181,1181,santiago.lópez.1181@example.com,Santiago,López,A
1182,1182,benjamín.fernández.1182@example.com,Benjamín,Fernández,A
1183,1183,martina.romero.1183@example.com,Martina,Romero,A
1184,1184,camila.sánchez.1184@example.com,Camila,Sánchez,A
1185,1185,camila.fernández.1185@example.com,Camila,Fernández,A
1186,1186,lucas.fernández.1186@example.com,Lucas,Fernández,A
1187,1187,santiago.garcía.1187@example.com,Santiago,García,A
1188,1188,tomás.díaz.1188@example.com,Tomás,Díaz,A
1189,1189,juan.medina.1189@example.com,Juan,Medina,A
1190,1190,sofía.álvarez.1190@example.com,Sofía,Álvarez,A
1191,1191,isabella.álvarez.1191@example.com,Isabella,Álvarez,A
1192,1192,martina.silva.1192@example.com,Martina,Silva,A
1193,1193,martina.sánchez.1193@example.com,Martina,Sánchez,A
1194,1194,lucía.rojas.1194@example.com,Lucía,Rojas,A
1195,1195,felipe.medina.1195@example.com,Felipe,Medina,A
1196,1196,alex.ruiz.1196@example.com,Alex,Ruiz,A
1197,1197,lucas.flores.1197@example.com,Lucas,Flores,A
1198,1198,mateo.torres.1198@example.com,Mateo,Torres,A
1199,1199,lara.sánchez.1199@example.com,Lara,Sánchez,A
1200,1200,alex.gonzález.1200@example.com,Alex,González,A
1201,1201,benjamín.ruiz.1201@example.com,Benjamín,Ruiz,A
1202,1202,maría.díaz.1202@example.com,María,Díaz,I
1203,1203,lara.acosta.1203@example.com,Lara,Acosta,A
1204,1204,maría.álvarez.1204@example.com,María,Álvarez,A
1205,1205,mateo.rojas.1205@example.com,Mateo,Rojas,A
1206,1206,santiago.martínez.1206@example.com,Santiago,Martínez,A
1207,1207,sofía.sánchez.1207@example.com,Sofía,Sánchez,A
1208,1208,valentina.martínez.1208@example.com,Valentina,Martínez,A
1209,1209,camila.romero.1209@example.com,Camila,Romero,A
1210,1210,santiago.fernández.1210@example.com,Santiago,Fernández,A
1211,1211,lucía.medina.1211@example.com,Lucía,Medina,A
1212,1212,camila.martínez.1212@example.com,Camila,Martínez,A
1213,1213,valentina.silva.1213@example.com,Valentina,Silva,A
1214,1214,lucas.fernández.1214@example.com,Lucas,Fernández,A
1215,1215,lucía.gonzález.1215@example.com,Lucía,González,A
1216,1216,martina.molina.1216@example.com,Martina,Molina,A
1217,1217,benjamín.gonzález.1217@example.com,Benjamín,González,A
1218,1218,lucía.gómez.1218@example.com,Lucía,Gómez,A
1219,1219,joaquín.fernández.1219@example.com,Joaquín,Fernández,A
1220,1220,sofía.pérez.1220@example.com,Sofía,Pérez,A
1221,1221,felipe.fernández.1221@example.com,Felipe,Fernández,A
1222,1222,alex.fernández.1222@example.com,Alex,Fernández,A
1223,1223,mateo.álvarez.1223@example.com,Mateo,Álvarez,A
1224,1224,santiago.martínez.1224@example.com,Santiago,Martínez,A
1225,1225,lara.garcía.1225@example.com,Lara,García,A
1226,1226,valentina.pérez.1226@example.com,Valentina,Pérez,A
1227,1227,maría.pérez.1227@example.com,María,Pérez,A
1228,1228,lara.martínez.1228@example.com,Lara,Martínez,A
1229,1229,santiago.torres.1229@example.com,Santiago,Torres,A
1230,1230,maría.romero.1230@example.com,María,Romero,A
1231,1231,felipe.álvarez.1231@example.com,Felipe,Álvarez,A
1232,1232,camila.acosta.1232@example.com,Camila,Acosta,A
1233,1233,martina.gómez.1233@example.com,Martina,Gómez,A
1234,1234,juan.acosta.1234@example.com,Juan,Acosta,A
1235,1235,felipe.fernández.1235@example.com,Felipe,Fernández,A
1236,1236,lucía.torres.1236@example.com,Lucía,Torres,A
1237,1237,juan.álvarez.1237@example.com,Juan,Álvarez,A
1238,1238,maría.gómez.1238@example.com,María,Gómez,A
1239,1239,lara.rojas.1239@example.com,Lara,Rojas,A
1240,1240,felipe.molina.1240@example.com,Felipe,Molina,A
1241,1241,emma.lópez.1241@example.com,Emma,López,A
1242,1242,felipe.acosta.1242@example.com,Felipe,Acosta,A
1243,1243,maría.rodríguez.1243@example.com,María,Rodríguez,A
1244,1244,isabella.molina.1244@example.com,Isabella,Molina,A
1245,1245,juan.medina.1245@example.com,Juan,Medina,A
1246,1246,benjamín.acosta.1246@example.com,Benjamín,Acosta,A
1247,1247,lucas.silva.1247@example.com,Lucas,Silva,I
1248,1248,maría.torres.1248@example.com,María,Torres,A
1249,1249,martina.rodríguez.1249@example.com,Martina,Rodríguez,A
1250,1250,felipe.ruiz.1250@example.com,Felipe,Ruiz,A
1251,1251,maría.rojas.1251@example.com,María,Rojas,A
1252,1252,felipe.silva.1252@example.com,Felipe,Silva,A
1253,1253,emma.acosta.1253@example.com,Emma,Acosta,I
1254,1254,camila.rodríguez.1254@example.com,Camila,Rodríguez,A
1255,1255,santiago.rojas.1255@example.com,Santiago,Rojas,A
1256,1256,maría.ruiz.1256@example.com,María,Ruiz,I
1257,1257,sofía.gómez.1257@example.com,Sofía,Gómez,A
1258,1258,juan.sánchez.1258@example.com,Juan,Sánchez,A
1259,1259,camila.rodríguez.1259@example.com,Camila,Rodríguez,A
1260,1260,joaquín.díaz.1260@example.com,Joaquín,Díaz,A
1261,1261,isabella.rojas.1261@example.com,Isabella,Rojas,A
1262,1262,maría.pérez.1262@example.com,María,Pérez,A
1263,1263,franco.sánchez.1263@example.com,Franco,Sánchez,I
1264,1264,juan.silva.1264@example.com,Juan,Silva,A
1265,1265,lara.torres.1265@example.com,Lara,Torres,A
1266,1266,lara.romero.1266@example.com,Lara,Romero,A
1267,1267,joaquín.pérez.1267@example.com,Joaquín,Pérez,A
1268,1268,benjamín.ruiz.1268@example.com,Benjamín,Ruiz,A
1269,1269,isabella.díaz.1269@example.com,Isabella,Díaz,A
1270,1270,alex.medina.1270@example.com,Alex,Medina,A
1271,1271,martina.díaz.1271@example.com,Martina,Díaz,A
1272,1272,olivia.pérez.1272@example.com,Olivia,Pérez,A
1273,1273,benjamín.ruiz.1273@example.com,Benjamín,Ruiz,A
1274,1274,joaquín.díaz.1274@example.com,Joaquín,Díaz,A
1275,1275,franco.gómez.1275@example.com,Franco,Gómez,A
1276,1276,alex.gómez.1276@example.com,Alex,Gómez,A
1277,1277,lucas.ruiz.1277@example.com,Lucas,Ruiz,A
1278,1278,mateo.díaz.1278@example.com,Mateo,Díaz,A
1279,1279,sofía.acosta.1279@example.com,Sofía,Acosta,A
1280,1280,franco.sánchez.1280@example.com,Franco,Sánchez,A
1281,1281,juan.torres.1281@example.com,Juan,Torres,A
1282,1282,maría.rojas.1282@example.com,María,Rojas,A
1283,1283,lara.medina.1283@example.com,Lara,Medina,A
1284,1284,franco.fernández.1284@example.com,Franco,Fernández,A
1285,1285,tomás.ruiz.1285@example.com,Tomás,Ruiz,A
1286,1286,emma.flores.1286@example.com,Emma,Flores,A
1287,1287,lucas.álvarez.1287@example.com,Lucas,Álvarez,A
1288,1288,joaquín.acosta.1288@example.com,Joaquín,Acosta,A
1289,1289,santiago.acosta.1289@example.com,Santiago,Acosta,A
1290,1290,franco.rodríguez.1290@example.com,Franco,Rodríguez,A
1291,1291,emma.silva.1291@example.com,Emma,Silva,A
1292,1292,lucas.gómez.1292@example.com,Lucas,Gómez,A
1293,1293,emma.sánchez.1293@example.com,Emma,Sánchez,A
1294,1294,valentina.martínez.1294@example.com,Valentina,Martínez,A
1295,1295,sofía.díaz.1295@example.com,Sofía,Díaz,A
1296,1296,joaquín.romero.1296@example.com,Joaquín,Romero,A
1297,1297,emma.medina.1297@example.com,Emma,Medina,A
1298,1298,martina.gonzález.1298@example.com,Martina,González,A
1299,1299,lucía.gonzález.1299@example.com,Lucía,González,A
1300,1300,lara.garcía.1300@example.com,Lara,García,A
1301,1301,franco.ruiz.1301@example.com,Franco,Ruiz,A
1302,1302,lucía.díaz.1302@example.com,Lucía,Díaz,A
1303,1303,valentina.garcía.1303@example.com,Valentina,García,A
1304,1304,lara.gómez.1304@example.com,Lara,Gómez,A
1305,1305,martina.pérez.1305@example.com,Martina,Pérez,A
1306,1306,isabella.molina.1306@example.com,Isabella,Molina,A
1307,1307,santiago.martínez.1307@example.com,Santiago,Martínez,A
1308,1308,joaquín.flores.1308@example.com,Joaquín,Flores,A
1309,1309,valentina.pérez.1309@example.com,Valentina,Pérez,A
1310,1310,felipe.torres.1310@example.com,Felipe,Torres,A
1311,1311,benjamín.pérez.1311@example.com,Benjamín,Pérez,A
1312,1312,benjamín.díaz.1312@example.com,Benjamín,Díaz,A
1313,1313,lara.flores.1313@example.com,Lara,Flores,A
1314,1314,isabella.pérez.1314@example.com,Isabella,Pérez,A
1315,1315,juan.fernández.1315@example.com,Juan,Fernández,A
1316,1316,felipe.álvarez.1316@example.com,Felipe,Álvarez,A
1317,1317,emma.medina.1317@example.com,Emma,Medina,A
1318,1318,lucía.silva.1318@example.com,Lucía,Silva,A
1319,1319,olivia.acosta.1319@example.com,Olivia,Acosta,A
1320,1320,juan.romero.1320@example.com,Juan,Romero,A
1321,1321,maría.romero.1321@example.com,María,Romero,I
1322,1322,santiago.ruiz.1322@example.com,Santiago,Ruiz,A
1323,1323,olivia.romero.1323@example.com,Olivia,Romero,A
1324,1324,lucía.silva.1324@example.com,Lucía,Silva,A
1325,1325,valentina.lópez.1325@example.com,Valentina,López,A
1326,1326,emma.martínez.1326@example.com,Emma,Martínez,A
1327,1327,sofía.flores.1327@example.com,Sofía,Flores,I
1328,1328,felipe.fernández.1328@example.com,Felipe,Fernández,A
1329,1329,santiago.garcía.1329@example.com,Santiago,García,A
1330,1330,olivia.díaz.1330@example.com,Olivia,Díaz,A
1331,1331,olivia.rojas.1331@example.com,Olivia,Rojas,A
1332,1332,felipe.fernández.1332@example.com,Felipe,Fernández,A
1333,1333,isabella.álvarez.1333@example.com,Isabella,Álvarez,A
1334,1334,lucía.gonzález.1334@example.com,Lucía,González,A
1335,1335,emma.molina.1335@example.com,Emma,Molina,A
1336,1336,camila.rojas.1336@example.com,Camila,Rojas,A
1337,1337,camila.rodríguez.1337@example.com,Camila,Rodríguez,A
1338,1338,isabella.díaz.1338@example.com,Isabella,Díaz,A
1339,1339,alex.pérez.1339@example.com,Alex,Pérez,A
1340,1340,lucía.fernández.1340@example.com,Lucía,Fernández,A
1341,1341,franco.lópez.1341@example.com,Franco,López,A
1342,1342,valentina.acosta.1342@example.com,Valentina,Acosta,A
1343,1343,lara.molina.1343@example.com,Lara,Molina,A
1344,1344,franco.martínez.1344@example.com,Franco,Martínez,A
1345,1345,olivia.romero.1345@example.com,Olivia,Romero,A
1346,1346,felipe.medina.1346@example.com,Felipe,Medina,A
1347,1347,martina.ruiz.1347@example.com,Martina,Ruiz,A
1348,1348,lucía.lópez.1348@example.com,Lucía,López,A
1349,1349,joaquín.sánchez.1349@example.com,Joaquín,Sánchez,A
1350,1350,olivia.fernández.1350@example.com,Olivia,Fernández,A
1351,1351,lara.díaz.1351@example.com,Lara,Díaz,A
1352,1352,alex.fernández.1352@example.com,Alex,Fernández,A
1353,1353,isabella.rodríguez.1353@example.com,Isabella,Rodríguez,A
1354,1354,lara.flores.1354@example.com,Lara,Flores,A
1355,1355,mateo.pérez.1355@example.com,Mateo,Pérez,A
1356,1356,joaquín.silva.1356@example.com,Joaquín,Silva,A
1357,1357,mateo.acosta.1357@example.com,Mateo,Acosta,A
1358,1358,franco.molina.1358@example.com,Franco,Molina,A
1359,1359,juan.lópez.1359@example.com,Juan,López,A
1360,1360,valentina.gonzález.1360@example.com,Valentina,González,A
1361,1361,joaquín.silva.1361@example.com,Joaquín,Silva,A
1362,1362,felipe.ruiz.1362@example.com,Felipe,Ruiz,A
1363,1363,felipe.acosta.1363@example.com,Felipe,Acosta,A
1364,1364,benjamín.rojas.1364@example.com,Benjamín,Rojas,A
1365,1365,alex.fernández.1365@example.com,Alex,Fernández,A
1366,1366,felipe.rojas.1366@example.com,Felipe,Rojas,A
1367,1367,felipe.torres.1367@example.com,Felipe,Torres,A
1368,1368,sofía.medina.1368@example.com,Sofía,Medina,A
1369,1369,emma.ruiz.1369@example.com,Emma,Ruiz,A
1370,1370,martina.ruiz.1370@example.com,Martina,Ruiz,A
1371,1371,santiago.flores.1371@example.com,Santiago,Flores,A
1372,1372,lucía.sánchez.1372@example.com,Lucía,Sánchez,A
1373,1373,felipe.martínez.1373@example.com,Felipe,Martínez,A
1374,1374,lucía.martínez.1374@example.com,Lucía,Martínez,A
1375,1375,joaquín.acosta.1375@example.com,Joaquín,Acosta,A
1376,1376,santiago.díaz.1376@example.com,Santiago,Díaz,A
1377,1377,sofía.garcía.1377@example.com,Sofía,García,A
1378,1378,lucas.gómez.1378@example.com,Lucas,Gómez,A
1379,1379,sofía.silva.1379@example.com,Sofía,Silva,A
1380,1380,sofía.flores.1380@example.com,Sofía,Flores,A
1381,1381,franco.molina.1381@example.com,Franco,Molina,A
1382,1382,olivia.fernández.1382@example.com,Olivia,Fernández,A
1383,1383,mateo.sánchez.1383@example.com,Mateo,Sánchez,A
1384,1384,maría.lópez.1384@example.com,María,López,A
1385,1385,valentina.flores.1385@example.com,Valentina,Flores,A
1386,1386,felipe.romero.1386@example.com,Felipe,Romero,A
1387,1387,santiago.ruiz.1387@example.com,Santiago,Ruiz,A
1388,1388,olivia.ruiz.1388@example.com,Olivia,Ruiz,A
1389,1389,joaquín.flores.1389@example.com,Joaquín,Flores,A
1390,1390,martina.lópez.1390@example.com,Martina,López,A
1391,1391,juan.romero.1391@example.com,Juan,Romero,A
1392,1392,sofía.torres.1392@example.com,Sofía,Torres,A
1393,1393,olivia.sánchez.1393@example.com,Olivia,Sánchez,A
1394,1394,santiago.gonzález.1394@example.com,Santiago,González,A
1395,1395,isabella.flores.1395@example.com,Isabella,Flores,A
1396,1396,santiago.torres.1396@example.com,Santiago,Torres,A
1397,1397,sofía.silva.1397@example.com,Sofía,Silva,A
1398,1398,lucas.sánchez.1398@example.com,Lucas,Sánchez,A
1399,1399,camila.martínez.1399@example.com,Camila,Martínez,A
1400,1400,tomás.sánchez.1400@example.com,Tomás,Sánchez,A
1401,1401,sofía.álvarez.1401@example.com,Sofía,Álvarez,A
1402,1402,sofía.fernández.1402@example.com,Sofía,Fernández,A
1403,1403,camila.gómez.1403@example.com,Camila,Gómez,A
1404,1404,santiago.sánchez.1404@example.com,Santiago,Sánchez,A
1405,1405,olivia.gómez.1405@example.com,Olivia,Gómez,A
1406,1406,martina.fernández.1406@example.com,Martina,Fernández,A
1407,1407,juan.rodríguez.1407@example.com,Juan,Rodríguez,A
1408,1408,martina.garcía.1408@example.com,Martina,García,A
1409,1409,isabella.díaz.1409@example.com,Isabella,Díaz,A
1410,1410,felipe.ruiz.1410@example.com,Felipe,Ruiz,A
1411,1411,felipe.flores.1411@example.com,Felipe,Flores,I
1412,1412,maría.pérez.1412@example.com,María,Pérez,A
1413,1413,maría.molina.1413@example.com,María,Molina,A
1414,1414,lara.sánchez.1414@example.com,Lara,Sánchez,A
1415,1415,benjamín.álvarez.1415@example.com,Benjamín,Álvarez,A
1416,1416,lucía.rojas.1416@example.com,Lucía,Rojas,A
1417,1417,valentina.martínez.1417@example.com,Valentina,Martínez,A
1418,1418,lucas.álvarez.1418@example.com,Lucas,Álvarez,A
1419,1419,lara.sánchez.1419@example.com,Lara,Sánchez,A
1420,1420,felipe.molina.1420@example.com,Felipe,Molina,A
1421,1421,martina.flores.1421@example.com,Martina,Flores,A
1422,1422,franco.molina.1422@example.com,Franco,Molina,A
1423,1423,lucas.rodríguez.1423@example.com,Lucas,Rodríguez,A
1424,1424,juan.martínez.1424@example.com,Juan,Martínez,A
1425,1425,lucas.garcía.1425@example.com,Lucas,García,I
1426,1426,lara.medina.1426@example.com,Lara,Medina,A
1427,1427,maría.silva.1427@example.com,María,Silva,I
1428,1428,tomás.rojas.1428@example.com,Tomás,Rojas,A
1429,1429,isabella.rojas.1429@example.com,Isabella,Rojas,A
1430,1430,joaquín.martínez.1430@example.com,Joaquín,Martínez,A
1431,1431,isabella.díaz.1431@example.com,Isabella,Díaz,A
1432,1432,mateo.sánchez.1432@example.com,Mateo,Sánchez,A
1433,1433,benjamín.ruiz.1433@example.com,Benjamín,Ruiz,A
1434,1434,alex.rodríguez.1434@example.com,Alex,Rodríguez,A
1435,1435,joaquín.romero.1435@example.com,Joaquín,Romero,A
1436,1436,valentina.gómez.1436@example.com,Valentina,Gómez,A
1437,1437,olivia.medina.1437@example.com,Olivia,Medina,A
1438,1438,camila.flores.1438@example.com,Camila,Flores,A
1439,1439,joaquín.gómez.1439@example.com,Joaquín,Gómez,A
1440,1440,tomás.silva.1440@example.com,Tomás,Silva,A
1441,1441,martina.garcía.1441@example.com,Martina,García,A
1442,1442,santiago.silva.1442@example.com,Santiago,Silva,A
1443,1443,lucas.flores.1443@example.com,Lucas,Flores,A
1444,1444,mateo.gonzález.1444@example.com,Mateo,González,A
1445,1445,franco.díaz.1445@example.com,Franco,Díaz,A
1446,1446,lara.medina.1446@example.com,Lara,Medina,A
1447,1447,benjamín.garcía.1447@example.com,Benjamín,García,A
1448,1448,joaquín.pérez.1448@example.com,Joaquín,Pérez,A
1449,1449,emma.flores.1449@example.com,Emma,Flores,A
1450,1450,valentina.flores.1450@example.com,Valentina,Flores,A
1451,1451,alex.molina.1451@example.com,Alex,Molina,A
1452,1452,joaquín.silva.1452@example.com,Joaquín,Silva,A
1453,1453,lucas.garcía.1453@example.com,Lucas,García,A
1454,1454,alex.flores.1454@example.com,Alex,Flores,A
1455,1455,isabella.martínez.1455@example.com,Isabella,Martínez,A
1456,1456,martina.álvarez.1456@example.com,Martina,Álvarez,A
1457,1457,alex.díaz.1457@example.com,Alex,Díaz,A
1458,1458,juan.molina.1458@example.com,Juan,Molina,A
1459,1459,felipe.álvarez.1459@example.com,Felipe,Álvarez,A
1460,1460,valentina.torres.1460@example.com,Valentina,Torres,A
1461,1461,mateo.silva.1461@example.com,Mateo,Silva,A
1462,1462,lara.lópez.1462@example.com,Lara,López,A
1463,1463,olivia.díaz.1463@example.com,Olivia,Díaz,A
1464,1464,franco.díaz.1464@example.com,Franco,Díaz,A
1465,1465,joaquín.rodríguez.1465@example.com,Joaquín,Rodríguez,A
1466,1466,emma.fernández.1466@example.com,Emma,Fernández,A
1467,1467,olivia.rodríguez.1467@example.com,Olivia,Rodríguez,A
1468,1468,joaquín.silva.1468@example.com,Joaquín,Silva,A
1469,1469,camila.garcía.1469@example.com,Camila,García,A
1470,1470,joaquín.garcía.1470@example.com,Joaquín,García,A
1471,1471,benjamín.garcía.1471@example.com,Benjamín,García,A
1472,1472,joaquín.gonzález.1472@example.com,Joaquín,González,A
1473,1473,tomás.fernández.1473@example.com,Tomás,Fernández,A
1474,1474,camila.medina.1474@example.com,Camila,Medina,A
1475,1475,maría.flores.1475@example.com,María,Flores,A
1476,1476,isabella.romero.1476@example.com,Isabella,Romero,A
1477,1477,sofía.flores.1477@example.com,Sofía,Flores,A
1478,1478,maría.rodríguez.1478@example.com,María,Rodríguez,A
1479,1479,maría.molina.1479@example.com,María,Molina,A
1480,1480,isabella.flores.1480@example.com,Isabella,Flores,A
1481,1481,alex.flores.1481@example.com,Alex,Flores,A
1482,1482,maría.gonzález.1482@example.com,María,González,A
1483,1483,olivia.díaz.1483@example.com,Olivia,Díaz,A
1484,1484,tomás.lópez.1484@example.com,Tomás,López,A
1485,1485,lara.ruiz.1485@example.com,Lara,Ruiz,I
1486,1486,lara.silva.1486@example.com,Lara,Silva,A
1487,1487,franco.romero.1487@example.com,Franco,Romero,A
1488,1488,lara.lópez.1488@example.com,Lara,López,A
1489,1489,santiago.pérez.1489@example.com,Santiago,Pérez,A
1490,1490,camila.pérez.1490@example.com,Camila,Pérez,A
1491,1491,lara.rojas.1491@example.com,Lara,Rojas,A
1492,1492,camila.martínez.1492@example.com,Camila,Martínez,A
1493,1493,tomás.gonzález.1493@example.com,Tomás,González,A
1494,1494,franco.pérez.1494@example.com,Franco,Pérez,A
1495,1495,valentina.torres.1495@example.com,Valentina,Torres,A
1496,1496,alex.garcía.1496@example.com,Alex,García,A
1497,1497,benjamín.flores.1497@example.com,Benjamín,Flores,A
1498,1498,alex.pérez.1498@example.com,Alex,Pérez,A
1499,1499,mateo.romero.1499@example.com,Mateo,Romero,A
1500,1500,alex.martínez.1500@example.com,Alex,Martínez,A
