nps_sk,nps_id,fecha_key,cliente_sk,canal_sk,score
1,13000000000,20240601,1083,1,10
2,13000000001,20240311,1383,1,5
3,13000000002,20240411,179,1,10
4,13000000003,20240630,566,1,7
5,13000000004,20250205,1004,1,8
6,13000000005,20250614,1261,1,10
7,13000000006,20240419,1376,1,6
8,13000000007,20240703,837,1,3
9,13000000008,20250721,994,1,7
10,13000000009,20240413,192,1,8
11,13000000010,20241104,1330,1,6
12,13000000011,20250703,442,2,0
13,13000000012,20250430,57,1,7
14,13000000013,20250807,559,1,8
15,13000000014,20250416,130,1,10
16,13000000015,20240626,238,2,4
17,13000000016,20250417,629,1,8
18,13000000017,20240520,1162,2,7
19,13000000018,20241005,80,2,9
20,13000000019,20240319,1233,2,2
21,13000000020,20240810,217,1,2
22,13000000021,20250819,1015,2,5
23,13000000022,20240408,1086,2,7
24,13000000023,20240128,692,1,9
25,13000000024,20241026,960,1,6
26,13000000025,20250330,695,2,2
27,13000000026,20250607,438,1,10
28,13000000027,20250508,564,1,9
29,13000000028,20250525,1261,1,7
30,13000000029,20240610,1122,2,4
31,13000000030,20251006,1427,1,5
32,13000000031,20240830,661,1,10
33,13000000032,20250208,1055,2,8
34,13000000033,20250308,321,2,8
35,13000000034,20240722,500,1,10
36,13000000035,20240618,544,1,8
37,13000000036,20240723,1405,2,8
38,13000000037,20240831,952,1,5
39,13000000038,20241229,128,2,3
40,13000000039,20250702,342,2,8
41,13000000040,20240521,19,2,3
42,13000000041,20240722,189,1,8
43,13000000042,20250907,797,1,4
44,13000000043,20241211,1004,2,8
45,13000000044,20250330,426,2,9
46,13000000045,20250813,1026,1,8
47,13000000046,20250419,812,2,7
48,13000000047,20240313,994,1,10
49,13000000048,20250723,1171,2,10
50,13000000049,20250326,1207,2,2
51,13000000050,20241118,1467,1,8
52,13000000051,20240606,1484,2,8
53,13000000052,20240523,815,1,9
54,13000000053,20240705,500,1,9
55,13000000054,20241216,1048,2,10
56,13000000055,20240414,19,1,7
57,13000000056,20241005,804,2,7
58,13000000057,20241023,500,2,9
59,13000000058,20250618,1179,2,7
60,13000000059,20250405,902,2,9
61,13000000060,20240302,548,1,6
62,13000000061,20240115,1335,1,9
63,13000000062,20240724,903,1,10
64,13000000063,20250426,807,1,8
65,13000000064,20250328,43,2,7
66,13000000065,20250430,1189,2,8
67,13000000066,20240630,554,1,7
68,13000000067,20250125,1411,1,9
69,13000000068,20240218,990,1,2
70,13000000069,20240430,581,2,8
71,13000000070,20250603,1214,2,2
72,13000000071,20250604,1182,1,8
73,13000000072,20241015,56,2,9
74,13000000073,20240809,1443,1,9
75,13000000074,20240924,822,1,9
76,13000000075,20250727,18,1,7
77,13000000076,20241212,436,1,8
78,13000000077,20240815,558,2,9
79,13000000078,20250426,1202,2,9
80,13000000079,20241006,1412,2,0
81,13000000080,20250302,1336,2,6
82,13000000081,20250916,1336,1,7
83,13000000082,20241209,1224,2,10
84,13000000083,20240728,859,1,9
85,13000000084,20240128,818,1,10
86,13000000085,20241026,816,2,6
87,13000000086,20241016,653,1,9
88,13000000087,20241214,1056,1,8
89,13000000088,20240205,1037,1,7
90,13000000089,20241228,959,2,8
91,13000000090,20241228,1406,1,6
92,13000000091,20250702,1296,1,9
93,13000000092,20250815,629,1,5
94,13000000093,20240306,439,2,4
95,13000000094,20250901,1423,1,8
96,13000000095,20240529,1336,2,8
97,13000000096,20250824,1453,2,6
98,13000000097,20240807,722,1,8
99,13000000098,20240808,616,1,10
100,13000000099,20240815,1104,1,10
101,13000000100,20241017,1004,1,4
102,13000000101,20240408,304,2,9
103,13000000102,20240114,114,2,10
104,13000000103,20241008,248,2,9
105,13000000104,20240518,208,1,5
106,13000000105,20240120,445,1,10
107,13000000106,20240214,1304,2,10
108,13000000107,20240829,1493,1,7
109,13000000108,20240822,1123,1,8
110,13000000109,20250724,174,2,5
111,13000000110,20250814,825,1,8
112,13000000111,20250615,1120,2,4
113,13000000112,20240112,1101,1,3
114,13000000113,20240210,659,2,7
115,13000000114,20240123,1379,1,7
116,13000000115,20250920,550,2,9
117,13000000116,20240314,1177,1,7
118,13000000117,20250607,1149,1,9
119,13000000118,20250602,236,1,9
120,13000000119,20250203,226,1,9
121,13000000120,20250210,850,2,6
122,13000000121,20241019,599,1,8
123,13000000122,20250817,1230,2,9
124,13000000123,20250310,1177,1,7
125,13000000124,20250119,728,1,9
126,13000000125,20250125,268,2,7
127,13000000126,20241023,980,2,8
128,13000000127,20240202,902,2,5
129,13000000128,20240406,800,2,4
130,13000000129,20250421,1447,1,10
131,13000000130,20250222,130,1,7
132,13000000131,20250601,1176,2,9
133,13000000132,20250731,771,2,8
134,13000000133,20241205,158,1,0
135,13000000134,20250612,811,1,1
136,13000000135,20241004,1369,1,8
137,13000000136,20250107,131,2,8
138,13000000137,20240714,69,2,9
139,13000000138,20240727,395,1,9
140,13000000139,20250306,1106,2,6
141,13000000140,20240816,4,1,0
142,13000000141,20250716,292,1,7
143,13000000142,20250124,1467,1,5
144,13000000143,20240908,317,1,1
145,13000000144,20250705,1374,2,10
146,13000000145,20240223,607,1,6
147,13000000146,20250520,661,1,8
148,13000000147,20240530,315,1,7
149,13000000148,20241002,522,2,0
150,13000000149,20241016,697,1,2
151,13000000150,20250526,1351,1,5
152,13000000151,20250311,1209,2,9
153,13000000152,20240927,93,1,8
154,13000000153,20250707,8,2,8
155,13000000154,20250208,1487,1,8
156,13000000155,20250604,501,1,9
157,13000000156,20250705,949,1,8
158,13000000157,20250114,745,1,10
159,13000000158,20250916,58,2,8
160,13000000159,20250507,1226,1,9
161,13000000160,20240331,952,2,8
162,13000000161,20250718,1424,1,7
163,13000000162,20250921,146,1,8
164,13000000163,20250301,831,1,3
165,13000000164,20250804,991,1,0
166,13000000165,20250111,485,1,8
167,13000000166,20240812,789,2,4
168,13000000167,20240326,1456,1,1
169,13000000168,20250619,1341,2,8
170,13000000169,20241215,993,1,7
171,13000000170,20241009,710,2,8
172,13000000171,20240922,609,1,6
173,13000000172,20250708,763,1,4
174,13000000173,20250612,1356,1,1
175,13000000174,20240602,1275,2,7
176,13000000175,20250917,490,2,9
177,13000000176,20240821,523,1,9
178,13000000177,20240707,1234,2,9
179,13000000178,20240806,1163,1,8
180,13000000179,20251005,406,2,8
181,13000000180,20250710,835,1,2
182,13000000181,20250507,320,1,8
183,13000000182,20250106,414,1,7
184,13000000183,20240327,1463,1,9
185,13000000184,20240726,928,2,10
186,13000000185,20250221,643,1,9
187,13000000186,20250212,999,2,2
188,13000000187,20250629,207,1,7
189,13000000188,20250222,641,1,0
190,13000000189,20251006,1110,1,1
191,13000000190,20250524,1062,1,8
192,13000000191,20240810,698,1,1
193,13000000192,20250629,1236,1,10
194,13000000193,20240510,755,1,8
195,13000000194,20240731,329,1,7
196,13000000195,20240925,800,1,7
197,13000000196,20240130,678,1,10
198,13000000197,20240514,1383,1,10
199,13000000198,20240405,1251,1,10
200,13000000199,20240225,1252,1,7
201,13000000200,20250919,283,1,5
202,13000000201,20240714,907,2,2
203,13000000202,20241225,893,1,1
204,13000000203,20250428,413,2,8
205,13000000204,20241027,788,2,10
206,13000000205,20250831,350,2,8
207,13000000206,20240118,758,2,5
208,13000000207,20250726,699,2,10
209,13000000208,20240206,689,1,9
210,13000000209,20240424,348,1,1
211,13000000210,20250502,974,1,9
212,13000000211,20250728,444,1,7
213,13000000212,20250906,96,1,9
214,13000000213,20250119,674,1,7
215,13000000214,20241110,867,1,8
216,13000000215,20250726,686,1,7
217,13000000216,20240609,640,1,10
218,13000000217,20240810,1191,1,9
219,13000000218,20250524,321,2,5
220,13000000219,20240928,1045,1,3
221,13000000220,20240113,644,2,10
222,13000000221,20250722,514,2,8
223,13000000222,20250204,649,1,6
224,13000000223,20250822,1294,2,5
225,13000000224,20250807,814,2,4
226,13000000225,20241206,801,1,7
227,13000000226,20241208,351,1,5
228,13000000227,20241006,838,2,8
229,13000000228,20250514,78,1,6
230,13000000229,20241220,1338,1,2
231,13000000230,20240601,182,2,7
232,13000000231,20241122,560,1,4
233,13000000232,20240407,1390,1,6
234,13000000233,20241229,130,2,4
235,13000000234,20250514,1143,2,2
236,13000000235,20250418,223,2,7
237,13000000236,20240216,622,1,2
238,13000000237,20240609,1328,1,9
239,13000000238,20240227,1192,1,7
240,13000000239,20240621,119,1,2
241,13000000240,20250813,1115,1,8
242,13000000241,20240421,49,1,8
243,13000000242,20250903,1133,2,5
244,13000000243,20250716,193,1,9
245,13000000244,20240128,539,1,6
246,13000000245,20250326,200,1,7
247,13000000246,20240125,1084,1,10
248,13000000247,20240506,422,2,10
249,13000000248,20240905,348,2,6
250,13000000249,20250918,951,1,9
251,13000000250,20241126,251,2,7
252,13000000251,20250122,26,1,8
253,13000000252,20250314,1063,2,6
254,13000000253,20240202,271,1,8
255,13000000254,20250120,567,1,9
256,13000000255,20250723,254,1,9
257,13000000256,20240405,66,2,6
258,13000000257,20250105,518,1,0
259,13000000258,20240626,603,1,7
260,13000000259,20240130,321,1,4
261,13000000260,20250531,1210,2,9
262,13000000261,20250209,407,2,7
263,13000000262,20250102,996,2,9
264,13000000263,20241103,1192,2,8
265,13000000264,20240812,221,1,1
266,13000000265,20250724,1189,1,6
267,13000000266,20240723,1230,1,9
268,13000000267,20241208,244,1,6
269,13000000268,20241029,416,1,6
270,13000000269,20241021,289,2,7
271,13000000270,20240907,233,1,0
272,13000000271,20250319,300,1,7
273,13000000272,20241004,1066,1,5
274,13000000273,20240207,854,2,10
275,13000000274,20240127,1339,1,7
276,13000000275,20241227,484,1,10
277,13000000276,20240112,948,1,6
278,13000000277,20241122,713,1,6
279,13000000278,20250422,1466,1,9
280,13000000279,20250616,426,1,7
281,13000000280,20250304,1313,1,0
282,13000000281,20240716,995,1,4
283,13000000282,20250312,499,1,8
284,13000000283,20250307,1408,2,7
285,13000000284,20250311,498,1,8
286,13000000285,20241124,840,1,6
287,13000000286,20250210,92,1,9
288,13000000287,20251006,1449,2,9
289,13000000288,20250929,1129,2,7
290,13000000289,20241127,972,2,8
291,13000000290,20250917,260,2,8
292,13000000291,20240123,683,2,4
293,13000000292,20250427,1042,1,2
294,13000000293,20240307,1422,1,6
295,13000000294,20240309,1347,2,9
296,13000000295,20250218,705,2,8
297,13000000296,20250620,1306,2,10
298,13000000297,20241206,327,2,0
299,13000000298,20240313,1119,1,5
300,13000000299,20250720,2,1,10
301,13000000300,20240225,988,1,8
302,13000000301,20250708,1485,1,8
303,13000000302,20250717,791,1,8
304,13000000303,20250429,204,1,9
305,13000000304,20240504,22,2,8
306,13000000305,20250105,510,2,1
307,13000000306,20240406,614,2,9
308,13000000307,20241222,27,2,9
309,13000000308,20250721,1319,2,6
310,13000000309,20241117,845,1,9
311,13000000310,20250714,783,2,5
312,13000000311,20250826,1350,1,9
313,13000000312,20250817,773,1,7
314,13000000313,20241027,1457,1,4
315,13000000314,20241013,1488,1,9
316,13000000315,20240904,1286,1,10
317,13000000316,20250830,1306,1,9
318,13000000317,20240209,397,2,8
319,13000000318,20240330,341,1,4
320,13000000319,20250523,1475,2,9
321,13000000320,20240212,963,1,5
322,13000000321,20240614,423,1,9
323,13000000322,20240418,1176,2,9
324,13000000323,20240410,1128,2,8
325,13000000324,20250914,56,1,8
326,13000000325,20240424,389,2,5
327,13000000326,20250327,598,2,9
328,13000000327,20240602,2,2,7
329,13000000328,20250304,118,2,8
330,13000000329,20250618,835,1,10
331,13000000330,20241102,554,1,7
332,13000000331,20250930,371,1,10
333,13000000332,20250609,965,1,9
334,13000000333,20250215,687,2,6
335,13000000334,20241218,516,1,9
336,13000000335,20250506,1295,2,8
337,13000000336,20240904,660,1,4
338,13000000337,20251005,838,2,8
339,13000000338,20241011,447,2,8
340,13000000339,20240314,1187,2,4
341,13000000340,20250701,1457,1,7
342,13000000341,20241104,16,1,7
343,13000000342,20240620,1421,1,0
344,13000000343,20240813,861,1,9
345,13000000344,20241008,515,1,2
346,13000000345,20240518,280,1,10
347,13000000346,20240908,829,1,7
348,13000000347,20250721,1319,1,10
349,13000000348,20250703,682,1,10
350,13000000349,20250918,649,1,7
351,13000000350,20240803,1041,1,8
352,13000000351,20241020,559,2,9
353,13000000352,20250714,1187,2,9
354,13000000353,20250409,786,1,6
355,13000000354,20250223,1104,1,6
356,13000000355,20250730,505,2,4
357,13000000356,20241113,436,1,0
358,13000000357,20250817,366,1,5
359,13000000358,20240517,829,2,8
360,13000000359,20240411,570,1,5
361,13000000360,20240413,573,2,10
362,13000000361,20240413,63,1,8
363,13000000362,20250503,140,1,10
364,13000000363,20240307,650,2,9
365,13000000364,20240529,558,1,7
366,13000000365,20240518,498,2,9
367,13000000366,20240527,1337,2,10
368,13000000367,20250406,192,1,9
369,13000000368,20241007,523,1,1
370,13000000369,20250506,1009,1,5
371,13000000370,20250310,1079,1,8
372,13000000371,20250530,809,1,9
373,13000000372,20240205,332,1,8
374,13000000373,20241110,397,1,8
375,13000000374,20240212,950,2,8
376,13000000375,20241227,950,1,10
377,13000000376,20240310,1071,1,7
378,13000000377,20240810,27,1,5
379,13000000378,20240525,1063,1,5
380,13000000379,20240809,930,1,10
381,13000000380,20241114,1435,2,1
382,13000000381,20240408,258,2,10
383,13000000382,20240211,847,1,4
384,13000000383,20240901,921,2,10
385,13000000384,20250111,1231,1,7
386,13000000385,20250526,292,1,10
387,13000000386,20241019,325,2,3
388,13000000387,20250311,921,2,3
389,13000000388,20250524,248,1,2
390,13000000389,20240811,754,1,8
391,13000000390,20240422,708,1,9
392,13000000391,20250505,48,1,6
393,13000000392,20240505,786,2,5
394,13000000393,20240619,382,1,4
395,13000000394,20250214,895,1,6
396,13000000395,20250211,821,1,7
397,13000000396,20240315,1032,1,9
398,13000000397,20250510,1262,1,1
399,13000000398,20240821,153,1,9
400,13000000399,20250804,816,1,1
401,13000000400,20240207,237,1,7
402,13000000401,20240331,589,2,10
403,13000000402,20250814,249,2,6
404,13000000403,20241214,1130,2,2
405,13000000404,20250623,455,1,3
406,13000000405,20250323,1306,1,0
407,13000000406,20241127,1359,1,9
408,13000000407,20240918,696,1,7
409,13000000408,20240906,867,1,7
410,13000000409,20241101,690,1,10
411,13000000410,20250316,14,1,7
412,13000000411,20241212,259,2,2
413,13000000412,20240123,334,1,3
414,13000000413,20240721,574,1,9
415,13000000414,20240530,716,1,10
416,13000000415,20241216,204,2,8
417,13000000416,20250620,624,2,10
418,13000000417,20240819,535,1,9
419,13000000418,20240810,522,1,7
420,13000000419,20250415,589,1,9
421,13000000420,20250112,1485,1,9
422,13000000421,20240824,544,1,9
423,13000000422,20250104,253,1,9
424,13000000423,20240708,520,1,8
425,13000000424,20250216,1339,1,8
426,13000000425,20240510,800,1,10
427,13000000426,20240703,782,2,9
428,13000000427,20250831,488,2,3
429,13000000428,20250212,1074,1,6
430,13000000429,20241226,789,2,9
431,13000000430,20250610,951,1,3
432,13000000431,20250406,1210,1,8
433,13000000432,20250424,977,2,3
434,13000000433,20250825,489,2,8
435,13000000434,20240609,1192,2,9
436,13000000435,20241011,1461,2,5
437,13000000436,20250714,28,1,6
438,13000000437,20240714,459,2,9
439,13000000438,20240510,756,1,2
440,13000000439,20240122,1495,1,8
441,13000000440,20240307,584,1,7
442,13000000441,20251005,703,1,2
443,13000000442,20240121,1309,2,7
444,13000000443,20250601,323,2,7
445,13000000444,20250824,90,1,8
446,13000000445,20250113,761,1,5
447,13000000446,20250426,999,1,9
448,13000000447,20250405,85,1,9
449,13000000448,20250725,405,1,8
450,13000000449,20241124,336,2,2
451,13000000450,20240707,179,1,9
452,13000000451,20240506,682,2,8
453,13000000452,20250603,862,2,8
454,13000000453,20250416,1218,1,5
455,13000000454,20250610,31,1,7
456,13000000455,20250311,154,1,10
457,13000000456,20250726,1049,2,10
458,13000000457,20250607,586,1,10
459,13000000458,20240907,425,2,10
460,13000000459,20240312,1235,1,8
461,13000000460,20240522,52,1,10
462,13000000461,20250108,78,2,3
463,13000000462,20241215,405,1,7
464,13000000463,20250607,381,2,7
465,13000000464,20241002,284,1,10
466,13000000465,20240422,867,1,0
467,13000000466,20240915,626,1,8
468,13000000467,20241129,195,1,9
469,13000000468,20240604,467,1,7
470,13000000469,20250302,1107,2,7
471,13000000470,20240125,580,1,8
472,13000000471,20240402,942,2,7
473,13000000472,20250628,1354,2,10
474,13000000473,20240209,540,1,4
475,13000000474,20250723,1161,1,6
476,13000000475,20250809,895,1,8
477,13000000476,20240716,399,1,6
478,13000000477,20250808,77,1,10
479,13000000478,20250827,754,2,0
480,13000000479,20240818,1253,1,7
481,13000000480,20240717,1117,1,6
482,13000000481,20250722,413,1,6
483,13000000482,20250608,40,2,8
484,13000000483,20241009,403,1,1
485,13000000484,20240827,1482,1,6
486,13000000485,20241222,790,1,9
487,13000000486,20240822,891,1,0
488,13000000487,20250611,819,2,7
489,13000000488,20240513,474,2,9
490,13000000489,20250408,1332,1,8
491,13000000490,20250730,305,1,4
492,13000000491,20240410,400,2,7
493,13000000492,20241129,415,2,9
494,13000000493,20240117,739,2,9
495,13000000494,20241216,45,1,4
496,13000000495,20240401,584,2,8
497,13000000496,20250314,305,1,9
498,13000000497,20250828,1061,2,4
499,13000000498,20250420,1051,2,9
500,13000000499,20250818,981,1,8
501,13000000500,20240127,381,1,7
502,13000000501,20240518,866,1,2
503,13000000502,20240604,323,1,9
504,13000000503,20240504,1223,2,8
505,13000000504,20250630,728,2,3
506,13000000505,20240523,176,1,8
507,13000000506,20240327,620,1,3
508,13000000507,20241114,11,2,8
509,13000000508,20251002,866,1,5
510,13000000509,20240117,609,1,9
511,13000000510,20250210,662,1,6
512,13000000511,20250321,1304,2,3
513,13000000512,20241024,1358,1,5
514,13000000513,20241003,1396,2,8
515,13000000514,20241201,921,1,7
516,13000000515,20240325,193,2,9
517,13000000516,20250307,1366,1,7
518,13000000517,20241229,4,2,8
519,13000000518,20240402,373,1,4
520,13000000519,20250617,3,2,10
521,13000000520,20250622,156,2,2
522,13000000521,20250926,1274,2,6
523,13000000522,20250425,1200,1,9
524,13000000523,20240305,1271,2,9
525,13000000524,20250614,1089,1,10
526,13000000525,20250909,1399,2,9
527,13000000526,20240708,20,1,8
528,13000000527,20241212,874,2,9
529,13000000528,20241018,919,2,7
530,13000000529,20250803,885,1,9
531,13000000530,20240818,123,2,2
532,13000000531,20240813,301,1,10
533,13000000532,20240924,1172,1,5
534,13000000533,20240823,1334,2,7
535,13000000534,20250822,1462,2,3
536,13000000535,20241209,1393,2,8
537,13000000536,20240423,1220,1,10
538,13000000537,20250411,1355,1,0
539,13000000538,20240114,27,2,8
540,13000000539,20240701,921,1,3
541,13000000540,20240316,1469,2,9
542,13000000541,20250629,1228,1,9
543,13000000542,20240526,1123,2,7
544,13000000543,20250907,125,1,8
545,13000000544,20241017,476,1,9
546,13000000545,20250616,833,1,5
547,13000000546,20240320,253,1,10
548,13000000547,20240824,398,1,9
549,13000000548,20240119,253,2,9
550,13000000549,20240308,206,2,9
551,13000000550,20250910,899,1,8
552,13000000551,20250707,1254,1,3
553,13000000552,20250518,1317,2,10
554,13000000553,20241119,466,1,8
555,13000000554,20241119,191,1,9
556,13000000555,20240629,362,2,10
557,13000000556,20240508,263,1,7
558,13000000557,20250309,1473,2,10
559,13000000558,20240725,1494,1,10
560,13000000559,20250719,359,1,3
561,13000000560,20250726,181,1,10
562,13000000561,20250402,682,1,10
563,13000000562,20240530,1142,1,9
564,13000000563,20240518,475,1,8
565,13000000564,20241224,541,1,10
566,13000000565,20250622,1344,1,10
567,13000000566,20240726,561,2,10
568,13000000567,20240223,981,2,8
569,13000000568,20240421,311,1,7
570,13000000569,20250515,1007,2,7
571,13000000570,20250916,952,2,6
572,13000000571,20240522,1464,1,8
573,13000000572,20240619,863,2,9
574,13000000573,20250208,724,2,6
575,13000000574,20240315,612,1,7
576,13000000575,20240305,382,1,5
577,13000000576,20240114,311,1,8
578,13000000577,20251005,1041,2,9
579,13000000578,20250920,816,1,7
580,13000000579,20250924,189,2,6
581,13000000580,20240813,1133,2,0
582,13000000581,20240928,1095,1,7
583,13000000582,20250828,468,2,1
584,13000000583,20250223,416,2,1
585,13000000584,20250519,707,1,10
586,13000000585,20240419,1375,1,7
587,13000000586,20250616,689,2,7
588,13000000587,20250404,759,2,7
589,13000000588,20250421,152,2,7
590,13000000589,20250618,724,2,5
591,13000000590,20240824,495,1,6
592,13000000591,20240304,1104,1,4
593,13000000592,20240823,1158,1,0
594,13000000593,20250619,932,1,9
595,13000000594,20240905,150,1,2
596,13000000595,20240320,323,2,2
597,13000000596,20240324,536,1,5
598,13000000597,20250622,1245,1,10
599,13000000598,20250803,1284,1,6
600,13000000599,20250409,1168,1,3
601,13000000600,20240113,1346,1,10
602,13000000601,20240712,213,1,7
603,13000000602,20240709,311,2,7
604,13000000603,20240130,32,2,9
605,13000000604,20240212,606,1,7
606,13000000605,20241010,1309,2,9
607,13000000606,20240322,833,1,7
608,13000000607,20241124,1123,2,9
609,13000000608,20250731,878,2,8
610,13000000609,20250621,1317,2,8
611,13000000610,20250529,218,2,9
612,13000000611,20250927,1456,1,8
613,13000000612,20240820,987,1,9
614,13000000613,20240111,75,2,10
615,13000000614,20250501,649,2,1
616,13000000615,20250514,1095,1,6
617,13000000616,20240206,1136,2,9
618,13000000617,20240610,1046,1,7
619,13000000618,20240830,1339,2,8
620,13000000619,20250323,724,1,3
621,13000000620,20250814,32,2,0
622,13000000621,20240622,728,1,8
623,13000000622,20250711,299,1,7
624,13000000623,20250112,299,1,5
625,13000000624,20250412,404,1,7
626,13000000625,20250421,138,2,10
627,13000000626,20250410,1270,1,9
628,13000000627,20240514,1116,1,7
629,13000000628,20240816,239,1,5
630,13000000629,20240706,849,2,10
631,13000000630,20240824,1432,2,9
632,13000000631,20241217,109,2,0
633,13000000632,20240113,117,2,9
634,13000000633,20250402,1007,2,2
635,13000000634,20241121,473,2,9
636,13000000635,20250430,188,1,9
637,13000000636,20250306,960,1,9
638,13000000637,20240320,298,1,9
639,13000000638,20250912,1146,1,10
640,13000000639,20241007,790,1,10
641,13000000640,20240509,114,1,10
642,13000000641,20250424,778,1,8
643,13000000642,20250530,1380,1,2
644,13000000643,20251002,1265,2,8
645,13000000644,20250316,171,1,7
646,13000000645,20250502,384,1,6
647,13000000646,20250407,917,1,9
648,13000000647,20250706,1262,2,0
649,13000000648,20240918,1174,1,6
650,13000000649,20240128,312,1,10
651,13000000650,20241226,1107,1,6
652,13000000651,20240725,786,1,8
653,13000000652,20250406,956,1,6
654,13000000653,20250322,227,2,7
655,13000000654,20240527,1339,1,9
656,13000000655,20250202,79,1,6
657,13000000656,20240603,515,1,9
658,13000000657,20250324,1098,1,8
659,13000000658,20240922,254,1,6
660,13000000659,20250517,1459,1,1
661,13000000660,20250609,688,2,8
662,13000000661,20240310,1356,2,7
663,13000000662,20240119,1409,2,1
664,13000000663,20241104,512,1,9
665,13000000664,20250409,284,1,7
666,13000000665,20250418,79,2,2
667,13000000666,20250928,1246,1,7
668,13000000667,20250426,343,2,7
669,13000000668,20250330,387,1,7
670,13000000669,20240214,682,2,8
671,13000000670,20250328,778,1,7
672,13000000671,20250517,507,1,6
673,13000000672,20240226,640,1,10
674,13000000673,20250415,1249,1,7
675,13000000674,20240817,958,1,8
676,13000000675,20240307,1259,1,7
677,13000000676,20240329,1441,1,10
678,13000000677,20250713,379,2,9
679,13000000678,20241227,115,1,7
680,13000000679,20240123,1496,2,8
681,13000000680,20240310,1435,1,7
682,13000000681,20240527,1271,1,3
683,13000000682,20240422,643,1,9
684,13000000683,20250113,1006,2,6
685,13000000684,20240621,672,1,10
686,13000000685,20250114,439,1,0
687,13000000686,20240306,928,1,1
688,13000000687,20240329,705,1,6
689,13000000688,20250812,717,2,8
690,13000000689,20240127,622,2,7
691,13000000690,20240601,90,2,7
692,13000000691,20250409,1101,2,10
693,13000000692,20241101,1362,1,9
694,13000000693,20241020,644,2,9
695,13000000694,20250919,265,1,9
696,13000000695,20250408,506,1,8
697,13000000696,20250414,737,1,0
698,13000000697,20240924,1294,1,10
699,13000000698,20250508,204,1,8
700,13000000699,20241014,1246,1,10
701,13000000700,20240801,314,1,1
702,13000000701,20250819,614,2,10
703,13000000702,20250122,497,2,8
704,13000000703,20240622,1267,2,8
705,13000000704,20240426,768,1,8
706,13000000705,20240819,886,2,3
707,13000000706,20240128,1173,1,1
708,13000000707,20250718,561,1,10
709,13000000708,20240212,59,2,10
710,13000000709,20250502,951,2,6
711,13000000710,20241128,790,1,9
712,13000000711,20250809,412,1,6
713,13000000712,20240227,1250,2,3
714,13000000713,20250113,146,1,9
715,13000000714,20240816,670,2,9
716,13000000715,20240303,595,1,9
717,13000000716,20241110,1027,1,9
718,13000000717,20240808,1183,2,9
719,13000000718,20250729,655,1,9
720,13000000719,20240410,287,1,9
721,13000000720,20250726,489,2,10
722,13000000721,20250717,897,1,9
723,13000000722,20240227,1094,1,7
724,13000000723,20241220,713,2,7
725,13000000724,20241020,1222,2,6
726,13000000725,20250724,176,1,7
727,13000000726,20241217,1373,2,9
728,13000000727,20240811,613,2,3
729,13000000728,20240206,1082,2,9
730,13000000729,20250611,790,1,5
731,13000000730,20240907,173,1,9
732,13000000731,20250903,800,1,5
733,13000000732,20250224,1014,2,0
734,13000000733,20240116,719,1,8
735,13000000734,20250403,1247,2,7
736,13000000735,20241226,882,1,8
737,13000000736,20250213,281,1,7
738,13000000737,20241025,1014,2,6
739,13000000738,20241020,621,1,4
740,13000000739,20250608,441,1,7
741,13000000740,20240522,1062,2,9
742,13000000741,20250821,952,1,10
743,13000000742,20240704,496,1,6
744,13000000743,20240612,338,1,5
745,13000000744,20240522,192,1,7
746,13000000745,20240422,292,1,10
747,13000000746,20250521,483,2,10
748,13000000747,20250506,1356,1,3
749,13000000748,20250904,1234,2,8
750,13000000749,20250919,359,1,9
751,13000000750,20240309,671,1,8
752,13000000751,20240504,595,2,9
753,13000000752,20250530,1405,2,7
754,13000000753,20250118,1230,1,5
755,13000000754,20251005,173,1,7
756,13000000755,20250221,130,2,0
757,13000000756,20240909,1134,1,9
758,13000000757,20250525,132,1,8
759,13000000758,20240610,74,2,0
760,13000000759,20240417,147,2,5
761,13000000760,20250408,791,1,10
762,13000000761,20240728,849,1,10
763,13000000762,20240305,84,1,8
764,13000000763,20250917,1313,2,7
765,13000000764,20250804,930,2,9
766,13000000765,20240708,160,2,3
767,13000000766,20250918,1128,2,10
768,13000000767,20250413,1029,1,8
769,13000000768,20240809,185,1,10
770,13000000769,20240609,1144,2,8
771,13000000770,20240815,930,1,6
772,13000000771,20250908,774,1,10
773,13000000772,20240822,688,2,1
774,13000000773,20240409,433,1,9
775,13000000774,20250321,249,1,9
776,13000000775,20250303,279,2,0
777,13000000776,20240906,1452,1,9
778,13000000777,20240117,1223,2,8
779,13000000778,20241005,1385,1,10
780,13000000779,20250808,722,1,9
781,13000000780,20240530,1085,2,6
782,13000000781,20250816,378,1,3
783,13000000782,20241202,54,1,3
784,13000000783,20240621,727,2,6
785,13000000784,20250526,1398,1,9
786,13000000785,20250916,1406,1,4
787,13000000786,20250426,591,1,10
788,13000000787,20240402,10,2,9
789,13000000788,20240908,877,1,2
790,13000000789,20241128,522,2,8
791,13000000790,20240826,203,2,7
792,13000000791,20241027,1049,2,10
793,13000000792,20250928,855,2,8
794,13000000793,20240122,584,1,7
795,13000000794,20240823,1387,2,5
796,13000000795,20241206,571,1,10
797,13000000796,20250609,791,2,6
798,13000000797,20241222,106,2,7
799,13000000798,20240429,1114,2,10
800,13000000799,20241229,397,1,5
801,13000000800,20250519,46,2,9
802,13000000801,20241228,1260,2,8
803,13000000802,20241107,1473,2,6
804,13000000803,20250425,582,1,10
805,13000000804,20240326,323,1,8
806,13000000805,20240508,203,1,7
807,13000000806,20250513,1180,1,8
808,13000000807,20250119,358,2,6
809,13000000808,20250515,922,1,8
810,13000000809,20250225,645,2,4
811,13000000810,20250212,582,1,7
812,13000000811,20250920,783,2,2
813,13000000812,20240123,852,1,0
814,13000000813,20250809,513,1,2
815,13000000814,20240314,169,1,8
816,13000000815,20240501,1209,1,10
817,13000000816,20250930,147,1,9
818,13000000817,20250207,185,1,6
819,13000000818,20241027,739,2,10
820,13000000819,20250122,1470,2,7
821,13000000820,20250213,198,1,8
822,13000000821,20240312,884,1,8
823,13000000822,20241119,457,1,10
824,13000000823,20241226,1184,1,10
825,13000000824,20250527,221,2,7
826,13000000825,20240829,117,2,10
827,13000000826,20240717,703,2,6
828,13000000827,20251004,58,1,10
829,13000000828,20250506,840,1,8
830,13000000829,20250205,634,2,8
831,13000000830,20241109,914,2,9
832,13000000831,20250505,1281,1,8
833,13000000832,20240118,852,2,5
834,13000000833,20240321,1336,2,7
835,13000000834,20251009,1264,1,1
836,13000000835,20250201,140,1,1
837,13000000836,20240612,162,1,9
838,13000000837,20240502,460,1,8
839,13000000838,20241108,1392,1,5
840,13000000839,20241109,4,2,9
841,13000000840,20241130,1372,2,8
842,13000000841,20250726,921,2,7
843,13000000842,20241002,880,1,8
844,13000000843,20240531,603,2,10
845,13000000844,20250219,389,1,5
846,13000000845,20240209,769,2,8
847,13000000846,20240823,1480,2,9
848,13000000847,20250620,1352,1,1
849,13000000848,20240531,1081,1,6
850,13000000849,20250811,1318,2,10
851,13000000850,20240112,1129,2,8
852,13000000851,20250730,495,1,7
853,13000000852,20240325,586,1,10
854,13000000853,20240425,554,1,7
855,13000000854,20250922,440,1,1
856,13000000855,20241231,212,1,8
857,13000000856,20250518,538,1,8
858,13000000857,20250730,588,2,0
859,13000000858,20250805,1135,1,7
860,13000000859,20240624,452,1,7
861,13000000860,20250219,26,1,5
862,13000000861,20240907,33,2,10
863,13000000862,20250513,229,1,9
864,13000000863,20240307,1155,1,10
865,13000000864,20250902,843,1,6
866,13000000865,20240513,570,2,8
867,13000000866,20250528,1208,1,8
868,13000000867,20250509,275,1,7
869,13000000868,20250413,529,1,6
870,13000000869,20250323,599,2,10
871,13000000870,20250119,333,1,5
872,13000000871,20240422,6,1,9
873,13000000872,20250511,549,1,9
874,13000000873,20250326,1427,2,6
875,13000000874,20241009,1237,1,7
876,13000000875,20250226,432,2,8
877,13000000876,20250502,657,1,7
878,13000000877,20250422,730,1,9
879,13000000878,20241012,824,2,7
880,13000000879,20250302,1001,1,9
881,13000000880,20250510,188,1,8
882,13000000881,20250711,965,1,6
883,13000000882,20250929,717,1,9
884,13000000883,20240306,1085,2,9
885,13000000884,20241009,765,1,9
886,13000000885,20250628,484,2,2
887,13000000886,20251002,931,1,6
888,13000000887,20250905,417,1,10
889,13000000888,20241016,801,2,10
890,13000000889,20240621,501,1,4
891,13000000890,20240331,1358,2,9
892,13000000891,20250822,1325,2,6
893,13000000892,20241226,960,1,10
894,13000000893,20240721,637,1,6
895,13000000894,20240330,956,2,2
896,13000000895,20250404,533,2,7
897,13000000896,20250702,1495,1,6
898,13000000897,20250514,1025,2,8
899,13000000898,20240910,1176,1,10
900,13000000899,20240328,803,2,8
901,13000000900,20240608,725,1,6
902,13000000901,20250630,938,1,9
903,13000000902,20240911,1031,1,8
904,13000000903,20241106,696,1,1
905,13000000904,20250805,237,1,3
906,13000000905,20250214,1053,1,10
907,13000000906,20250405,308,1,6
908,13000000907,20250918,672,1,8
909,13000000908,20250722,1147,2,8
910,13000000909,20250612,1238,2,7
911,13000000910,20250411,460,2,8
912,13000000911,20240218,906,2,10
913,13000000912,20240119,825,1,8
914,13000000913,20250509,1095,2,8
915,13000000914,20250219,435,2,10
916,13000000915,20250222,585,2,8
917,13000000916,20240904,281,2,9
918,13000000917,20250821,82,2,6
919,13000000918,20240503,329,1,10
920,13000000919,20241219,415,1,7
921,13000000920,20240306,1135,1,4
922,13000000921,20240506,1021,1,4
923,13000000922,20251010,160,1,4
924,13000000923,20250118,434,1,7
925,13000000924,20241122,357,2,4
926,13000000925,20250412,1285,1,7
927,13000000926,20250217,229,1,7
928,13000000927,20240608,420,1,9
929,13000000928,20241220,2,2,8
930,13000000929,20240803,47,1,10
931,13000000930,20250501,1163,1,6
932,13000000931,20250731,1423,1,9
933,13000000932,20240813,615,1,4
934,13000000933,20251012,1149,1,7
935,13000000934,20240928,628,1,8
936,13000000935,20250109,1247,1,5
937,13000000936,20250620,458,1,9
938,13000000937,20250605,95,2,10
939,13000000938,20240227,1002,1,7
940,13000000939,20250223,488,2,1
941,13000000940,20250805,851,2,4
942,13000000941,20250301,509,2,7
943,13000000942,20250319,888,1,10
944,13000000943,20240619,1268,2,9
945,13000000944,20240815,507,2,9
946,13000000945,20250605,387,2,10
947,13000000946,20241114,670,1,2
948,13000000947,20250726,186,1,9
949,13000000948,20240729,1235,1,9
950,13000000949,20240808,418,1,10
951,13000000950,20240722,196,1,6
952,13000000951,20240322,304,1,10
953,13000000952,20241230,1434,2,9
954,13000000953,20250522,453,2,10
955,13000000954,20240823,1040,2,4
956,13000000955,20250516,107,1,10
957,13000000956,20250319,887,2,8
958,13000000957,20250426,837,1,10
959,13000000958,20250513,1327,1,9
960,13000000959,20240417,836,1,9
961,13000000960,20250525,1413,1,8
962,13000000961,20240304,621,2,9
963,13000000962,20240831,947,1,6
964,13000000963,20240130,1015,1,8
965,13000000964,20250625,458,2,9
966,13000000965,20250818,1462,1,9
967,13000000966,20241009,289,2,3
968,13000000967,20240304,1318,2,0
969,13000000968,20240220,720,2,6
970,13000000969,20241025,350,2,7
971,13000000970,20240218,1276,1,8
972,13000000971,20250217,1141,2,10
973,13000000972,20250415,640,2,10
974,13000000973,20250907,8,2,8
975,13000000974,20250126,666,2,8
976,13000000975,20241026,1451,1,10
977,13000000976,20250417,384,1,6
978,13000000977,20241013,1130,1,10
979,13000000978,20240413,547,1,8
980,13000000979,20250526,1228,1,10
981,13000000980,20250909,1209,1,9
982,13000000981,20250425,1489,1,9
983,13000000982,20250311,4,1,10
984,13000000983,20240813,760,1,9
985,13000000984,20240606,286,1,9
986,13000000985,20250220,951,1,10
987,13000000986,20250807,487,2,10
988,13000000987,20240210,1218,2,2
989,13000000988,20250714,522,1,5
990,13000000989,20250303,468,1,8
991,13000000990,20240601,703,2,10
992,13000000991,20241226,1000,1,9
993,13000000992,20250418,137,2,10
994,13000000993,20241030,168,2,9
995,13000000994,20241123,452,2,10
996,13000000995,20250117,1210,2,2
997,13000000996,20250723,599,2,10
998,13000000997,20250616,734,1,10
999,13000000998,20250904,27,2,9
1000,13000000999,20240528,1186,1,10
1001,13000001000,20250621,1227,2,5
1002,13000001001,20240722,1338,2,9
1003,13000001002,20250629,1275,2,7
1004,13000001003,20250319,934,1,6
1005,13000001004,20240706,883,2,10
1006,13000001005,20241115,624,1,8
1007,13000001006,20250810,1272,1,7
1008,13000001007,20250105,746,2,10
1009,13000001008,20240511,858,1,8
1010,13000001009,20250620,393,1,10
1011,13000001010,20240707,990,1,10
1012,13000001011,20241111,769,1,7
1013,13000001012,20240927,496,1,2
1014,13000001013,20240223,401,1,7
1015,13000001014,20240509,1042,1,10
1016,13000001015,20240915,1101,2,6
1017,13000001016,20241029,15,1,9
1018,13000001017,20240508,748,1,7
1019,13000001018,20251007,825,1,10
1020,13000001019,20250531,957,2,7
1021,13000001020,20250121,528,1,3
1022,13000001021,20250115,1422,1,1
1023,13000001022,20251010,71,1,5
1024,13000001023,20240808,1375,2,5
1025,13000001024,20241221,504,2,9
1026,13000001025,20240420,1257,2,8
1027,13000001026,20240820,1165,2,2
1028,13000001027,20250410,39,1,8
1029,13000001028,20241223,102,2,3
1030,13000001029,20250917,863,1,7
1031,13000001030,20240512,494,1,3
1032,13000001031,20250418,1132,1,5
1033,13000001032,20240513,723,1,9
1034,13000001033,20240202,280,2,9
1035,13000001034,20250617,765,1,8
1036,13000001035,20240603,778,1,1
1037,13000001036,20240626,428,1,8
1038,13000001037,20240204,559,2,7
1039,13000001038,20240326,1318,2,10
1040,13000001039,20250215,1451,1,6
1041,13000001040,20240224,994,1,4
1042,13000001041,20240426,311,1,5
1043,13000001042,20250812,282,1,8
1044,13000001043,20241006,94,2,9
1045,13000001044,20240325,1359,1,9
1046,13000001045,20241219,1400,2,8
1047,13000001046,20240224,244,2,7
1048,13000001047,20251009,295,1,8
1049,13000001048,20241111,731,1,1
1050,13000001049,20250419,1191,2,7
1051,13000001050,20250309,1104,1,8
1052,13000001051,20250711,489,2,7
1053,13000001052,20250827,1096,2,7
1054,13000001053,20250315,1253,1,1
1055,13000001054,20240826,987,1,8
1056,13000001055,20240316,43,1,8
1057,13000001056,20250718,268,1,9
1058,13000001057,20240828,1045,1,9
1059,13000001058,20240815,1410,1,4
1060,13000001059,20241116,859,1,10
1061,13000001060,20240707,353,1,7
1062,13000001061,20241101,350,2,10
1063,13000001062,20240224,663,2,3
1064,13000001063,20240301,601,1,7
1065,13000001064,20241031,468,1,6
1066,13000001065,20250817,975,2,10
1067,13000001066,20250615,1041,2,10
1068,13000001067,20250717,439,2,6
1069,13000001068,20250509,1120,1,8
1070,13000001069,20241228,948,1,9
1071,13000001070,20250911,1090,2,7
1072,13000001071,20250819,771,1,0
1073,13000001072,20241224,1337,2,7
1074,13000001073,20241022,1269,2,5
1075,13000001074,20250713,1052,1,10
1076,13000001075,20250501,628,1,5
1077,13000001076,20250424,589,2,8
1078,13000001077,20250709,326,1,0
1079,13000001078,20250222,1463,1,9
1080,13000001079,20250707,1131,2,3
1081,13000001080,20241020,688,1,10
1082,13000001081,20250220,1135,1,6
1083,13000001082,20250304,516,2,8
1084,13000001083,20250824,1019,2,4
1085,13000001084,20250603,1009,1,4
1086,13000001085,20250517,1015,2,9
1087,13000001086,20250605,234,1,9
1088,13000001087,20240729,699,1,3
1089,13000001088,20240514,807,2,2
1090,13000001089,20240714,945,2,9
1091,13000001090,20250414,264,1,7
1092,13000001091,20241128,405,2,7
1093,13000001092,20250531,549,1,7
1094,13000001093,20240714,365,1,4
1095,13000001094,20250715,1208,1,5
1096,13000001095,20241228,1005,1,9
1097,13000001096,20240709,1437,1,5
1098,13000001097,20240923,396,1,9
1099,13000001098,20250103,711,1,2
1100,13000001099,20250622,497,1,9
1101,13000001100,20240120,37,1,10
1102,13000001101,20240828,380,1,8
1103,13000001102,20250828,535,2,5
1104,13000001103,20240623,651,2,8
1105,13000001104,20241023,1085,1,9
1106,13000001105,20241207,1238,2,8
1107,13000001106,20250820,184,1,6
1108,13000001107,20250929,498,2,7
1109,13000001108,20240907,1117,2,7
1110,13000001109,20250812,469,1,10
1111,13000001110,20240804,815,1,5
1112,13000001111,20240820,282,2,10
1113,13000001112,20250101,335,2,9
1114,13000001113,20250117,261,1,6
1115,13000001114,20250126,540,2,7
1116,13000001115,20241019,989,1,6
1117,13000001116,20250808,354,1,9
1118,13000001117,20250529,487,1,1
1119,13000001118,20240905,553,2,9
1120,13000001119,20250506,1111,2,7
1121,13000001120,20240731,293,1,1
1122,13000001121,20250310,814,1,7
1123,13000001122,20240220,444,2,7
1124,13000001123,20250707,69,2,8
1125,13000001124,20250315,1074,1,8
1126,13000001125,20240620,121,2,3
1127,13000001126,20250102,1418,2,3
1128,13000001127,20250311,1317,2,4
1129,13000001128,20240808,317,1,8
1130,13000001129,20250622,1159,2,9
1131,13000001130,20250727,876,1,9
1132,13000001131,20250415,159,2,8
1133,13000001132,20240514,1246,2,8
1134,13000001133,20241215,831,1,9
1135,13000001134,20250110,14,2,9
1136,13000001135,20241114,52,2,8
1137,13000001136,20240530,63,1,0
1138,13000001137,20240725,714,2,7
1139,13000001138,20240830,276,2,9
1140,13000001139,20240406,165,2,7
1141,13000001140,20240305,361,1,7
1142,13000001141,20240707,1339,1,8
1143,13000001142,20240120,56,2,9
1144,13000001143,20250927,665,2,2
1145,13000001144,20240516,1475,1,10
1146,13000001145,20250328,1356,1,7
1147,13000001146,20241027,142,2,8
1148,13000001147,20250904,466,2,8
1149,13000001148,20241112,1169,1,7
1150,13000001149,20250110,634,1,9
1151,13000001150,20240109,209,2,9
1152,13000001151,20241210,1157,1,9
1153,13000001152,20250227,1258,1,8
1154,13000001153,20240404,663,1,0
1155,13000001154,20240430,785,1,8
1156,13000001155,20241229,267,2,8
1157,13000001156,20251001,655,1,6
1158,13000001157,20241215,757,1,7
1159,13000001158,20250801,1329,1,9
1160,13000001159,20250520,542,1,10
1161,13000001160,20240216,316,2,8
1162,13000001161,20250724,398,1,1
1163,13000001162,20250620,964,1,8
1164,13000001163,20241116,854,2,10
1165,13000001164,20240421,1065,2,7
1166,13000001165,20240901,359,1,9
1167,13000001166,20240430,174,1,4
1168,13000001167,20250101,1333,1,9
1169,13000001168,20240522,901,2,0
1170,13000001169,20240429,977,1,10
1171,13000001170,20250524,757,1,7
1172,13000001171,20241019,1029,1,9
1173,13000001172,20250320,904,1,8
1174,13000001173,20250524,716,1,5
1175,13000001174,20250210,1463,2,8
1176,13000001175,20250203,800,2,9
1177,13000001176,20250203,1366,2,8
1178,13000001177,20240927,1009,1,8
1179,13000001178,20250916,487,2,8
1180,13000001179,20240605,970,1,9
1181,13000001180,20240928,1127,1,10
1182,13000001181,20240930,22,1,6
1183,13000001182,20241212,1401,1,9
1184,13000001183,20240409,571,2,10
1185,13000001184,20240416,1061,1,7
1186,13000001185,20250311,143,1,8
1187,13000001186,20250725,712,1,1
1188,13000001187,20250418,649,1,6
1189,13000001188,20250526,317,1,8
1190,13000001189,20250513,16,2,7
1191,13000001190,20241201,175,2,9
1192,13000001191,20240730,694,2,5
1193,13000001192,20240819,1377,1,9
1194,13000001193,20240311,653,2,5
1195,13000001194,20250117,1328,1,8
1196,13000001195,20250210,850,1,8
1197,13000001196,20240325,1043,2,10
1198,13000001197,20240608,120,2,9
1199,13000001198,20240625,374,1,1
1200,13000001199,20250523,1023,2,10
1201,13000001200,20240829,1435,1,4
1202,13000001201,20240501,1022,2,4
1203,13000001202,20250427,397,2,5
1204,13000001203,20250226,539,1,1
1205,13000001204,20240428,662,2,7
1206,13000001205,20250208,413,2,7
1207,13000001206,20240925,978,1,7
1208,13000001207,20240310,94,1,8
1209,13000001208,20250112,593,2,9
1210,13000001209,20251009,3,1,10
1211,13000001210,20240301,986,1,9
1212,13000001211,20250722,1097,1,5
1213,13000001212,20240208,1298,2,8
1214,13000001213,20240225,968,2,0
1215,13000001214,20240208,256,2,10
1216,13000001215,20250624,165,2,7
1217,13000001216,20240409,74,2,8
1218,13000001217,20240628,610,1,9
1219,13000001218,20240705,1181,1,8
1220,13000001219,20250720,1198,1,7
1221,13000001220,20251006,383,2,9
1222,13000001221,20241220,327,1,4
1223,13000001222,20250523,1118,1,3
1224,13000001223,20240911,1093,2,5
1225,13000001224,20250713,348,1,10
1226,13000001225,20250407,988,1,9
1227,13000001226,20240708,1242,1,8
1228,13000001227,20240219,645,2,8
1229,13000001228,20240221,1068,1,7
1230,13000001229,20250625,523,1,9
1231,13000001230,20240208,624,1,0
1232,13000001231,20240418,705,2,6
1233,13000001232,20250117,12,2,3
1234,13000001233,20250409,748,1,9
1235,13000001234,20240320,922,2,9
1236,13000001235,20250222,637,2,7
1237,13000001236,20250224,1225,2,8
1238,13000001237,20240115,1336,2,3
1239,13000001238,20250128,1006,1,6
1240,13000001239,20241013,717,1,9
1241,13000001240,20250429,1117,1,5
1242,13000001241,20250905,547,1,7
1243,13000001242,20240406,1073,2,6
1244,13000001243,20250903,611,2,9
1245,13000001244,20250301,1315,2,7
1246,13000001245,20250408,881,2,10
1247,13000001246,20240916,475,1,7
1248,13000001247,20250429,1015,1,5
1249,13000001248,20240611,574,2,7
1250,13000001249,20240425,71,1,9
1251,13000001250,20250926,737,2,9
1252,13000001251,20241213,1060,2,4
1253,13000001252,20240414,1145,2,8
1254,13000001253,20240727,1256,1,10
1255,13000001254,20250706,1063,2,9
1256,13000001255,20250212,551,1,0
1257,13000001256,20250111,248,2,5
1258,13000001257,20240630,831,1,6
1259,13000001258,20240417,968,2,10
1260,13000001259,20240419,1010,1,3
1261,13000001260,20240331,509,2,10
1262,13000001261,20250224,767,2,8
1263,13000001262,20250305,795,1,8
1264,13000001263,20250312,712,1,8
1265,13000001264,20240528,273,1,9
1266,13000001265,20240713,818,1,6
1267,13000001266,20240311,513,2,6
1268,13000001267,20240524,1026,2,10
1269,13000001268,20250524,1347,2,8
1270,13000001269,20240310,258,1,2
1271,13000001270,20250401,1010,1,10
1272,13000001271,20241007,220,2,7
1273,13000001272,20250220,1048,1,8
1274,13000001273,20240224,1300,1,8
1275,13000001274,20250407,262,2,8
1276,13000001275,20240728,1141,2,10
1277,13000001276,20240124,1234,2,8
1278,13000001277,20241226,554,1,8
1279,13000001278,20240523,730,1,9
1280,13000001279,20240415,578,2,9
1281,13000001280,20250929,1133,1,8
1282,13000001281,20250225,272,1,9
1283,13000001282,20240501,705,1,7
1284,13000001283,20250719,1304,2,3
1285,13000001284,20240609,1274,2,5
1286,13000001285,20250725,38,1,1
1287,13000001286,20241129,1037,2,1
1288,13000001287,20250702,1438,1,10
1289,13000001288,20241214,621,1,9
1290,13000001289,20250603,177,1,7
1291,13000001290,20240206,1116,2,6
1292,13000001291,20240228,537,2,6
1293,13000001292,20250321,233,2,10
1294,13000001293,20250520,358,1,9
1295,13000001294,20240922,544,1,6
1296,13000001295,20250119,694,2,7
1297,13000001296,20250630,1267,2,6
1298,13000001297,20241215,491,1,10
1299,13000001298,20250620,536,1,10
1300,13000001299,20240923,403,1,6
1301,13000001300,20250809,856,1,9
1302,13000001301,20240219,184,2,7
1303,13000001302,20240114,349,1,10
1304,13000001303,20241207,356,1,4
1305,13000001304,20241106,818,2,8
1306,13000001305,20240912,1251,2,4
1307,13000001306,20251002,85,2,8
1308,13000001307,20250122,255,1,10
1309,13000001308,20250330,929,2,8
1310,13000001309,20240925,541,2,6
1311,13000001310,20250830,116,2,4
1312,13000001311,20250411,402,1,8
1313,13000001312,20240429,922,2,3
1314,13000001313,20240223,1484,2,6
1315,13000001314,20240815,986,1,1
1316,13000001315,20241225,155,1,6
1317,13000001316,20240611,138,1,7
1318,13000001317,20240122,556,1,9
1319,13000001318,20250930,401,1,6
1320,13000001319,20250902,267,2,0
1321,13000001320,20240817,776,1,6
1322,13000001321,20250305,186,1,7
1323,13000001322,20240210,1330,1,0
1324,13000001323,20240126,32,1,9
1325,13000001324,20241029,7,1,6
1326,13000001325,20240128,358,1,9
1327,13000001326,20240311,129,1,0
1328,13000001327,20250623,829,2,7
1329,13000001328,20240809,1129,2,9
1330,13000001329,20250212,1297,1,6
1331,13000001330,20241220,1001,1,10
1332,13000001331,20240307,1222,2,9
1333,13000001332,20240428,961,1,6
1334,13000001333,20240806,147,1,9
1335,13000001334,20250618,1439,1,9
1336,13000001335,20250405,880,2,10
1337,13000001336,20250312,208,2,10
1338,13000001337,20240829,1240,2,8
1339,13000001338,20250826,956,2,9
1340,13000001339,20250610,1212,2,3
1341,13000001340,20250725,112,1,9
1342,13000001341,20250613,999,1,10
1343,13000001342,20250318,1381,1,10
1344,13000001343,20240917,935,2,8
1345,13000001344,20250310,1412,1,10
1346,13000001345,20251002,296,1,7
1347,13000001346,20240223,933,1,3
1348,13000001347,20250928,954,1,9
1349,13000001348,20241023,269,2,7
1350,13000001349,20250815,281,2,5
1351,13000001350,20250608,359,2,8
1352,13000001351,20250628,492,1,9
1353,13000001352,20250522,489,2,5
1354,13000001353,20250711,386,2,7
1355,13000001354,20250821,1329,1,7
1356,13000001355,20240226,649,2,5
1357,13000001356,20250517,684,1,9
1358,13000001357,20250929,928,2,8
1359,13000001358,20250525,1096,1,5
1360,13000001359,20250625,546,1,10
1361,13000001360,20240324,121,1,10
1362,13000001361,20240616,400,2,10
1363,13000001362,20240128,383,1,10
1364,13000001363,20240511,518,1,9
1365,13000001364,20250315,1130,2,9
1366,13000001365,20250913,921,2,5
1367,13000001366,20240920,42,1,8
1368,13000001367,20240726,1459,1,2
1369,13000001368,20250922,1172,2,0
1370,13000001369,20250904,300,1,7
1371,13000001370,20240225,23,2,10
1372,13000001371,20250908,321,1,5
1373,13000001372,20241226,426,1,8
1374,13000001373,20250716,594,2,9
1375,13000001374,20240709,1483,2,9
1376,13000001375,20251008,1003,1,9
1377,13000001376,20250526,457,2,5
1378,13000001377,20240303,746,1,9
1379,13000001378,20240617,150,2,9
1380,13000001379,20240513,1313,1,8
1381,13000001380,20240628,1087,2,10
1382,13000001381,20250522,835,1,9
1383,13000001382,20250202,1149,2,3
1384,13000001383,20240516,587,2,9
1385,13000001384,20250218,257,1,7
1386,13000001385,20241128,1127,1,0
1387,13000001386,20250802,1332,1,8
1388,13000001387,20251012,961,1,0
1389,13000001388,20250206,85,2,9
1390,13000001389,20250920,461,2,8
1391,13000001390,20240424,302,2,4
1392,13000001391,20250610,1239,1,9
1393,13000001392,20250515,633,2,10
1394,13000001393,20240902,1475,2,9
1395,13000001394,20250815,1377,1,9
1396,13000001395,20240604,719,1,3
1397,13000001396,20241212,390,1,7
1398,13000001397,20250731,541,1,3
1399,13000001398,20240802,1181,1,7
1400,13000001399,20250125,1022,1,7
1401,13000001400,20241218,485,1,7
1402,13000001401,20240212,1011,1,7
1403,13000001402,20241227,771,1,6
1404,13000001403,20250912,478,2,0
1405,13000001404,20240709,529,2,5
1406,13000001405,20240429,73,1,10
1407,13000001406,20250915,615,1,5
1408,13000001407,20250422,1048,2,5
1409,13000001408,20240517,1292,1,3
1410,13000001409,20241208,1429,1,10
1411,13000001410,20241101,1353,1,9
1412,13000001411,20250218,1322,1,8
1413,13000001412,20240207,325,1,7
1414,13000001413,20250315,1004,1,7
1415,13000001414,20250702,509,2,9
1416,13000001415,20241103,1498,1,8
1417,13000001416,20250228,166,2,4
1418,13000001417,20250904,971,2,8
1419,13000001418,20250705,1301,2,8
1420,13000001419,20251007,573,2,9
1421,13000001420,20240803,730,2,7
1422,13000001421,20250311,650,2,9
1423,13000001422,20241007,873,1,9
1424,13000001423,20251005,658,2,9
1425,13000001424,20240903,991,2,1
1426,13000001425,20251003,106,2,3
1427,13000001426,20250908,270,2,10
1428,13000001427,20250316,833,1,6
1429,13000001428,20240823,604,1,6
1430,13000001429,20240913,1051,2,7
1431,13000001430,20251004,212,2,10
1432,13000001431,20240216,1149,1,8
1433,13000001432,20240925,456,2,8
1434,13000001433,20250426,859,2,7
1435,13000001434,20241210,728,2,5
1436,13000001435,20240714,1062,1,9
1437,13000001436,20240611,995,1,7
1438,13000001437,20250504,1173,1,8
1439,13000001438,20240803,1375,1,4
1440,13000001439,20240603,1073,2,3
1441,13000001440,20250930,767,1,7
1442,13000001441,20250406,969,2,8
1443,13000001442,20250303,466,2,10
1444,13000001443,20250307,658,1,6
1445,13000001444,20241023,503,2,1
1446,13000001445,20250712,810,2,0
1447,13000001446,20240427,1161,2,7
1448,13000001447,20240402,373,2,7
1449,13000001448,20240402,467,1,6
1450,13000001449,20241006,165,1,8
1451,13000001450,20250629,1212,2,7
1452,13000001451,20250301,237,1,5
1453,13000001452,20240825,447,2,10
1454,13000001453,20250314,272,1,3
1455,13000001454,20250109,690,2,7
1456,13000001455,20240211,254,1,7
1457,13000001456,20240820,639,2,8
1458,13000001457,20241114,1257,2,10
1459,13000001458,20241029,1322,2,7
1460,13000001459,20250214,1418,2,9
1461,13000001460,20250908,1163,1,5
1462,13000001461,20241203,1237,1,7
1463,13000001462,20241124,1313,1,10
1464,13000001463,20240713,558,2,7
1465,13000001464,20250407,806,2,8
1466,13000001465,20240605,362,1,9
1467,13000001466,20250616,8,1,7
1468,13000001467,20241122,54,2,5
1469,13000001468,20240330,554,2,3
1470,13000001469,20250314,1409,1,9
1471,13000001470,20241005,259,2,6
1472,13000001471,20240405,1397,1,9
1473,13000001472,20250522,1378,2,10
1474,13000001473,20240924,1170,2,8
1475,13000001474,20250829,224,2,10
1476,13000001475,20241030,1127,1,7
1477,13000001476,20240603,1321,2,9
1478,13000001477,20241030,1371,2,6
1479,13000001478,20240716,726,1,8
1480,13000001479,20241205,874,2,4
1481,13000001480,20241119,370,2,5
1482,13000001481,20240402,712,1,9
1483,13000001482,20241217,1315,2,9
1484,13000001483,20240413,1494,2,6
1485,13000001484,20240430,578,1,8
1486,13000001485,20250721,380,2,8
1487,13000001486,20241114,969,1,7
1488,13000001487,20240723,233,2,7
1489,13000001488,20240204,1027,2,7
1490,13000001489,20250704,130,1,10
1491,13000001490,20251007,688,1,10
1492,13000001491,20241029,415,2,7
1493,13000001492,20240908,691,2,1
1494,13000001493,20240518,254,1,9
1495,13000001494,20250415,966,1,10
1496,13000001495,20250916,516,2,9
1497,13000001496,20240304,40,1,6
1498,13000001497,20250502,28,2,9
1499,13000001498,20240212,464,2,8
1500,13000001499,20241028,1244,1,10
1501,13000001500,20250408,904,2,10
1502,13000001501,20250719,371,1,8
1503,13000001502,20241214,385,2,9
1504,13000001503,20250311,655,1,7
1505,13000001504,20240909,973,2,10
1506,13000001505,20250314,159,1,3
1507,13000001506,20240219,325,2,9
1508,13000001507,20240511,908,1,7
1509,13000001508,20240512,1022,1,10
1510,13000001509,20240731,410,2,10
1511,13000001510,20240623,743,2,8
1512,13000001511,20250422,937,1,8
1513,13000001512,20250321,1301,1,10
1514,13000001513,20241019,1313,1,5
1515,13000001514,20250610,1245,2,10
1516,13000001515,20240820,519,1,10
1517,13000001516,20250213,832,1,0
1518,13000001517,20240430,37,1,2
1519,13000001518,20250524,602,2,10
1520,13000001519,20241226,621,2,2
1521,13000001520,20240503,369,2,8
1522,13000001521,20241118,890,2,7
1523,13000001522,20240917,334,1,8
1524,13000001523,20241216,347,1,8
1525,13000001524,20240513,1138,1,10
1526,13000001525,20240514,1271,1,8
1527,13000001526,20250916,509,1,4
1528,13000001527,20240217,1409,1,7
1529,13000001528,20240410,875,2,6
1530,13000001529,20250130,867,2,8
1531,13000001530,20241124,111,1,5
1532,13000001531,20250326,1486,1,8
1533,13000001532,20250819,1084,2,10
1534,13000001533,20250407,780,2,8
1535,13000001534,20241219,1037,1,1
1536,13000001535,20240221,592,1,5
1537,13000001536,20250918,1010,1,10
1538,13000001537,20250512,1292,1,3
1539,13000001538,20240309,594,1,5
1540,13000001539,20240405,1453,1,9
1541,13000001540,20240214,119,1,10
1542,13000001541,20240830,488,2,1
1543,13000001542,20250405,32,2,3
1544,13000001543,20240414,1340,1,3
1545,13000001544,20241121,783,1,9
1546,13000001545,20241216,72,2,8
1547,13000001546,20240804,403,2,2
1548,13000001547,20240116,890,2,9
1549,13000001548,20240919,992,2,8
1550,13000001549,20241221,538,2,6
1551,13000001550,20240417,262,1,9
1552,13000001551,20250906,1256,2,8
1553,13000001552,20250327,704,1,9
1554,13000001553,20250402,417,2,9
1555,13000001554,20250626,984,1,9
1556,13000001555,20250518,768,1,7
1557,13000001556,20250908,615,1,9
1558,13000001557,20240809,995,1,6
1559,13000001558,20250326,56,2,6
1560,13000001559,20240809,1440,1,7
1561,13000001560,20250802,832,1,8
1562,13000001561,20241210,217,2,10
1563,13000001562,20240822,1323,2,9
1564,13000001563,20250212,803,1,8
1565,13000001564,20250108,512,1,10
1566,13000001565,20240903,952,2,10
1567,13000001566,20250213,1433,1,10
1568,13000001567,20250510,824,2,9
1569,13000001568,20241207,384,1,7
1570,13000001569,20240910,1029,2,8
1571,13000001570,20250228,297,2,8
1572,13000001571,20250504,1101,1,6
1573,13000001572,20240410,464,2,2
1574,13000001573,20241101,727,1,7
1575,13000001574,20240207,71,1,8
1576,13000001575,20240401,520,2,8
1577,13000001576,20250109,930,1,9
1578,13000001577,20250503,447,1,8
1579,13000001578,20241121,900,1,8
1580,13000001579,20250411,304,1,8
1581,13000001580,20250911,954,2,8
1582,13000001581,20250507,765,1,5
1583,13000001582,20250902,731,1,5
1584,13000001583,20250923,938,1,7
1585,13000001584,20250728,105,1,3
1586,13000001585,20250825,1346,1,7
1587,13000001586,20240730,563,2,5
1588,13000001587,20250511,41,1,7
1589,13000001588,20240408,947,1,7
1590,13000001589,20240717,1259,2,9
1591,13000001590,20250102,110,1,7
1592,13000001591,20240611,375,2,6
1593,13000001592,20250123,229,1,5
1594,13000001593,20240825,425,1,8
1595,13000001594,20250203,1452,2,9
1596,13000001595,20250225,366,1,10
1597,13000001596,20241009,983,2,9
1598,13000001597,20241010,1418,2,10
1599,13000001598,20250130,943,1,10
1600,13000001599,20250707,1162,1,10
1601,13000001600,20240224,117,2,10
1602,13000001601,20240613,68,1,9
1603,13000001602,20250808,763,1,10
1604,13000001603,20240123,45,1,8
1605,13000001604,20240515,930,1,10
1606,13000001605,20240318,743,1,3
1607,13000001606,20250317,578,2,7
1608,13000001607,20250315,1409,2,8
1609,13000001608,20240828,831,2,9
1610,13000001609,20250404,862,2,9
1611,13000001610,20240305,391,1,5
1612,13000001611,20240619,1044,1,9
1613,13000001612,20241004,539,2,8
1614,13000001613,20250205,758,2,8
1615,13000001614,20240407,616,2,5
1616,13000001615,20250509,1281,1,8
1617,13000001616,20250710,1029,2,9
1618,13000001617,20250917,160,1,10
1619,13000001618,20241127,1004,2,9
1620,13000001619,20241103,522,2,9
1621,13000001620,20250702,474,1,8
1622,13000001621,20240729,809,2,3
1623,13000001622,20250127,1000,2,6
1624,13000001623,20240804,657,1,10
1625,13000001624,20250328,1183,1,8
1626,13000001625,20250922,549,2,9
1627,13000001626,20240211,1483,1,10
1628,13000001627,20240605,958,1,8
1629,13000001628,20240706,13,2,10
1630,13000001629,20250822,810,1,10
1631,13000001630,20240717,1336,1,5
1632,13000001631,20240411,672,1,5
1633,13000001632,20240716,445,1,8
1634,13000001633,20250531,1127,2,6
1635,13000001634,20241007,604,1,8
1636,13000001635,20250112,433,1,7
1637,13000001636,20251003,1234,1,5
1638,13000001637,20240615,70,1,6
1639,13000001638,20250824,540,1,9
1640,13000001639,20250224,606,1,6
1641,13000001640,20250303,1351,2,9
1642,13000001641,20250106,714,1,10
1643,13000001642,20241124,1011,2,7
1644,13000001643,20250409,349,2,10
1645,13000001644,20240210,422,2,9
1646,13000001645,20240327,972,2,8
1647,13000001646,20240901,1008,2,8
1648,13000001647,20241125,14,1,2
1649,13000001648,20240620,1124,1,7
1650,13000001649,20241117,976,2,9
1651,13000001650,20250221,1434,1,8
1652,13000001651,20240904,1388,2,7
1653,13000001652,20250519,1326,2,9
1654,13000001653,20250814,1296,1,8
1655,13000001654,20250906,1414,1,7
1656,13000001655,20240312,751,2,7
1657,13000001656,20241013,825,2,10
1658,13000001657,20241225,1199,2,8
1659,13000001658,20240921,955,1,7
1660,13000001659,20240829,433,2,7
1661,13000001660,20240301,1431,1,5
1662,13000001661,20251004,1274,1,6
1663,13000001662,20240114,1323,1,2
1664,13000001663,20240513,712,1,3
1665,13000001664,20241005,62,1,10
1666,13000001665,20241119,269,2,4
1667,13000001666,20241011,1214,1,8
1668,13000001667,20250225,242,2,4
1669,13000001668,20240630,118,1,8
1670,13000001669,20250215,375,1,9
1671,13000001670,20250302,597,2,7
1672,13000001671,20250711,928,1,8
1673,13000001672,20240202,388,2,9
1674,13000001673,20240426,1141,1,6
1675,13000001674,20250413,1358,2,8
1676,13000001675,20240226,882,2,8
1677,13000001676,20250802,402,1,7
1678,13000001677,20240229,542,1,9
1679,13000001678,20241129,901,1,9
1680,13000001679,20240614,386,1,7
1681,13000001680,20250329,1359,2,7
1682,13000001681,20240617,371,1,9
1683,13000001682,20240626,511,1,7
1684,13000001683,20240717,852,1,9
1685,13000001684,20250804,668,1,9
1686,13000001685,20250831,999,2,8
1687,13000001686,20240920,380,1,10
1688,13000001687,20250117,1485,2,1
1689,13000001688,20240323,1302,1,8
1690,13000001689,20250420,1319,1,6
1691,13000001690,20240115,196,1,7
1692,13000001691,20250928,343,2,6
1693,13000001692,20241230,518,2,9
1694,13000001693,20240318,414,2,9
1695,13000001694,20250616,415,2,9
1696,13000001695,20250811,1372,1,8
1697,13000001696,20240316,995,1,7
1698,13000001697,20250707,487,1,3
1699,13000001698,20240309,279,1,8
1700,13000001699,20240508,1176,1,8
1701,13000001700,20241128,1166,2,9
1702,13000001701,20241001,996,2,8
1703,13000001702,20240602,746,1,5
1704,13000001703,20250927,1048,1,7
1705,13000001704,20240109,1042,2,4
1706,13000001705,20250830,433,1,7
1707,13000001706,20250618,671,1,10
1708,13000001707,20250829,347,1,10
1709,13000001708,20240901,878,1,1
1710,13000001709,20240129,1432,1,2
1711,13000001710,20250827,160,2,8
1712,13000001711,20250528,339,1,9
1713,13000001712,20250425,119,1,1
1714,13000001713,20241105,462,2,9
1715,13000001714,20250803,744,1,7
1716,13000001715,20240328,760,2,6
1717,13000001716,20240725,189,2,7
1718,13000001717,20240426,720,1,7
1719,13000001718,20240903,1034,2,9
1720,13000001719,20250806,1346,2,3
1721,13000001720,20250902,1281,1,8
1722,13000001721,20241225,463,1,4
1723,13000001722,20240207,665,2,0
1724,13000001723,20250318,42,1,9
1725,13000001724,20241118,24,1,8
1726,13000001725,20241126,1004,1,7
1727,13000001726,20240125,1220,2,9
1728,13000001727,20250419,794,1,7
1729,13000001728,20240219,184,2,9
1730,13000001729,20240627,78,2,7
1731,13000001730,20250218,246,1,8
1732,13000001731,20240324,519,1,5
1733,13000001732,20250609,569,1,7
1734,13000001733,20241020,721,2,8
1735,13000001734,20240515,234,2,10
1736,13000001735,20240904,355,2,9
1737,13000001736,20250908,1477,1,4
1738,13000001737,20250526,292,1,2
1739,13000001738,20250807,829,2,5
1740,13000001739,20240409,637,1,3
1741,13000001740,20240322,481,1,7
1742,13000001741,20250321,117,2,10
1743,13000001742,20250603,427,1,0
1744,13000001743,20250130,971,1,7
1745,13000001744,20241124,891,1,7
1746,13000001745,20250312,1400,2,8
1747,13000001746,20240814,1360,1,2
1748,13000001747,20240610,1227,1,6
1749,13000001748,20240925,581,1,2
1750,13000001749,20240424,884,2,8
1751,13000001750,20250906,609,2,8
1752,13000001751,20250409,500,2,6
1753,13000001752,20241010,325,2,10
1754,13000001753,20240313,848,1,10
1755,13000001754,20241009,1116,1,8
1756,13000001755,20250916,1251,2,8
1757,13000001756,20241119,1439,2,2
1758,13000001757,20240911,900,2,7
1759,13000001758,20240903,434,1,10
1760,13000001759,20250730,134,2,10
1761,13000001760,20251007,131,2,9
1762,13000001761,20250304,547,2,6
1763,13000001762,20240831,946,1,3
1764,13000001763,20250110,1267,1,10
1765,13000001764,20240408,331,2,10
1766,13000001765,20250723,44,1,3
1767,13000001766,20240402,1194,2,9
1768,13000001767,20250609,734,1,6
1769,13000001768,20240829,543,2,9
1770,13000001769,20250324,140,1,8
1771,13000001770,20241001,474,2,6
1772,13000001771,20240119,1038,1,9
1773,13000001772,20240614,925,2,3
1774,13000001773,20240402,301,2,1
1775,13000001774,20241214,750,2,10
1776,13000001775,20240705,828,1,10
1777,13000001776,20241009,1174,1,6
1778,13000001777,20240529,882,2,10
1779,13000001778,20241217,1440,1,7
1780,13000001779,20240909,422,1,6
1781,13000001780,20240518,505,1,10
1782,13000001781,20240407,105,2,4
1783,13000001782,20240507,524,1,4
1784,13000001783,20241120,220,2,0
1785,13000001784,20250124,737,1,9
1786,13000001785,20240428,68,1,8
1787,13000001786,20241123,975,1,4
1788,13000001787,20250108,12,2,5
1789,13000001788,20240507,1284,2,9
1790,13000001789,20240707,326,1,9
1791,13000001790,20250217,1098,2,9
1792,13000001791,20240814,727,2,8
1793,13000001792,20240414,521,2,3
1794,13000001793,20240923,5,2,6
1795,13000001794,20241101,1079,1,9
1796,13000001795,20250702,971,1,1
1797,13000001796,20250611,841,2,8
1798,13000001797,20240613,1327,2,6
1799,13000001798,20250301,435,1,8
1800,13000001799,20240416,376,2,8
1801,13000001800,20240328,88,1,6
1802,13000001801,20250425,299,2,6
1803,13000001802,20240606,687,2,10
1804,13000001803,20250908,476,2,4
1805,13000001804,20240806,1013,1,3
1806,13000001805,20250802,578,1,8
1807,13000001806,20250408,32,1,8
1808,13000001807,20241115,213,2,3
1809,13000001808,20250331,766,2,6
1810,13000001809,20250920,509,1,8
1811,13000001810,20240906,725,2,2
1812,13000001811,20241220,3,2,10
1813,13000001812,20241123,1003,2,8
1814,13000001813,20240924,825,1,3
1815,13000001814,20250825,458,1,6
1816,13000001815,20250821,1342,1,8
1817,13000001816,20240729,1391,2,4
1818,13000001817,20250527,1246,2,8
1819,13000001818,20250702,719,1,3
1820,13000001819,20250121,209,1,8
1821,13000001820,20250401,71,2,8
1822,13000001821,20240914,156,2,9
1823,13000001822,20240324,1148,1,9
1824,13000001823,20240122,1184,2,7
1825,13000001824,20240214,1116,1,7
1826,13000001825,20250410,623,2,6
1827,13000001826,20250131,1330,1,9
1828,13000001827,20240208,370,1,4
1829,13000001828,20240324,566,1,7
1830,13000001829,20240323,93,2,10
1831,13000001830,20250120,814,1,1
1832,13000001831,20251007,247,1,9
1833,13000001832,20250527,1286,2,1
1834,13000001833,20240726,1290,2,9
1835,13000001834,20240922,1222,2,8
1836,13000001835,20241001,736,2,10
1837,13000001836,20250409,1135,1,8
1838,13000001837,20250225,3,2,10
1839,13000001838,20241028,997,1,9
1840,13000001839,20240511,957,1,6
1841,13000001840,20250406,1455,2,1
1842,13000001841,20250126,918,1,9
1843,13000001842,20240516,69,1,10
1844,13000001843,20250610,663,1,6
1845,13000001844,20250302,209,1,3
1846,13000001845,20250803,71,2,9
1847,13000001846,20240428,758,1,3
1848,13000001847,20241111,549,2,2
1849,13000001848,20250525,1099,1,5
1850,13000001849,20240222,26,2,9
1851,13000001850,20240417,1176,2,9
1852,13000001851,20240921,436,1,7
1853,13000001852,20240304,562,1,7
1854,13000001853,20240826,487,2,8
1855,13000001854,20241013,1253,1,8
1856,13000001855,20250730,1466,1,9
1857,13000001856,20250630,348,2,2
1858,13000001857,20250420,472,1,8
1859,13000001858,20250426,900,1,10
1860,13000001859,20250327,296,1,8
1861,13000001860,20250323,514,2,8
1862,13000001861,20250516,672,2,8
1863,13000001862,20240504,564,2,8
1864,13000001863,20240321,541,2,5
1865,13000001864,20250214,194,1,5
1866,13000001865,20241117,169,1,8
1867,13000001866,20250909,793,2,6
1868,13000001867,20250623,189,2,8
1869,13000001868,20241215,1371,2,8
1870,13000001869,20250521,863,2,5
1871,13000001870,20241006,250,1,8
1872,13000001871,20240702,296,2,8
1873,13000001872,20240124,548,2,9
1874,13000001873,20240701,1224,1,9
1875,13000001874,20241008,1051,1,6
1876,13000001875,20250119,706,2,9
1877,13000001876,20240328,205,1,8
1878,13000001877,20240803,384,1,10
1879,13000001878,20240317,426,2,10
1880,13000001879,20241113,144,2,5
1881,13000001880,20240513,324,1,9
1882,13000001881,20241104,417,1,9
1883,13000001882,20240927,15,1,9
1884,13000001883,20241106,577,1,2
1885,13000001884,20240531,172,2,6
1886,13000001885,20250409,1414,2,10
1887,13000001886,20250309,570,1,1
1888,13000001887,20250612,327,1,7
1889,13000001888,20240518,1287,1,7
1890,13000001889,20251007,446,1,3
1891,13000001890,20240325,1270,1,9
1892,13000001891,20250605,1294,1,4
1893,13000001892,20250125,233,2,10
1894,13000001893,20250605,793,1,6
1895,13000001894,20240218,949,1,2
1896,13000001895,20250304,1469,2,7
1897,13000001896,20250702,176,2,1
1898,13000001897,20250802,1393,2,0
1899,13000001898,20250318,831,2,5
1900,13000001899,20241014,245,1,7
1901,13000001900,20250103,293,2,7
1902,13000001901,20250715,779,1,3
1903,13000001902,20250814,30,1,8
1904,13000001903,20240911,253,1,8
1905,13000001904,20240510,1065,1,9
1906,13000001905,20250831,124,1,9
1907,13000001906,20240521,1026,1,9
1908,13000001907,20250729,1238,1,5
1909,13000001908,20250501,59,2,10
1910,13000001909,20241226,204,2,10
1911,13000001910,20240328,775,1,8
1912,13000001911,20240921,584,1,0
1913,13000001912,20241004,1202,2,9
1914,13000001913,20240727,1333,1,6
1915,13000001914,20240520,6,2,6
1916,13000001915,20240419,1315,1,10
1917,13000001916,20250527,733,1,10
1918,13000001917,20250131,1002,1,7
1919,13000001918,20250906,498,2,6
1920,13000001919,20250406,979,1,8
1921,13000001920,20240703,880,1,5
1922,13000001921,20250109,459,2,10
1923,13000001922,20250108,956,2,6
1924,13000001923,20240704,685,1,10
1925,13000001924,20240722,489,2,10
1926,13000001925,20250705,798,1,10
1927,13000001926,20250610,757,2,8
1928,13000001927,20240221,930,1,4
1929,13000001928,20241102,725,1,7
1930,13000001929,20250831,173,1,2
1931,13000001930,20240717,1265,1,10
1932,13000001931,20240621,724,1,8
1933,13000001932,20250420,302,2,10
1934,13000001933,20250515,817,2,7
1935,13000001934,20250526,425,1,5
1936,13000001935,20240221,1039,1,10
1937,13000001936,20250521,1278,1,1
1938,13000001937,20250216,1151,1,6
1939,13000001938,20241115,181,1,9
1940,13000001939,20241104,690,1,10
1941,13000001940,20240119,1120,2,6
1942,13000001941,20250117,423,2,6
1943,13000001942,20241006,1109,2,10
1944,13000001943,20240415,224,2,8
1945,13000001944,20240329,1457,2,10
1946,13000001945,20240405,22,2,4
1947,13000001946,20250129,743,2,9
1948,13000001947,20241103,1123,1,10
1949,13000001948,20250917,1065,1,9
1950,13000001949,20240313,1278,1,6
1951,13000001950,20240620,779,2,0
1952,13000001951,20250424,498,1,9
1953,13000001952,20250716,171,2,5
1954,13000001953,20240608,1483,1,10
1955,13000001954,20240504,1355,1,6
1956,13000001955,20250814,1018,1,8
1957,13000001956,20240623,1449,2,7
1958,13000001957,20250502,818,2,6
1959,13000001958,20240410,701,1,9
1960,13000001959,20240623,584,2,9
1961,13000001960,20250502,1193,1,2
1962,13000001961,20250323,266,1,10
1963,13000001962,20241219,19,1,7
1964,13000001963,20250901,1437,2,8
1965,13000001964,20240123,814,2,9
1966,13000001965,20240614,657,1,7
1967,13000001966,20240209,1215,2,9
1968,13000001967,20240806,1281,2,2
1969,13000001968,20250630,590,1,1
1970,13000001969,20250902,884,2,7
1971,13000001970,20250305,403,1,7
1972,13000001971,20250310,894,2,10
1973,13000001972,20240517,615,2,7
1974,13000001973,20241210,1133,1,3
1975,13000001974,20250918,1358,2,3
1976,13000001975,20241219,934,2,2
1977,13000001976,20250611,252,2,7
1978,13000001977,20250723,1320,1,8
1979,13000001978,20241205,680,1,8
1980,13000001979,20240415,41,2,0
1981,13000001980,20240828,28,1,0
1982,13000001981,20240914,1186,1,3
1983,13000001982,20250516,378,2,8
1984,13000001983,20250103,1342,2,9
1985,13000001984,20250915,1311,1,10
1986,13000001985,20240504,805,1,9
1987,13000001986,20250928,801,1,9
1988,13000001987,20240813,422,2,10
1989,13000001988,20240408,875,1,0
1990,13000001989,20250825,1387,2,8
1991,13000001990,20241002,353,1,8
1992,13000001991,20250724,1014,2,7
1993,13000001992,20240212,781,1,4
1994,13000001993,20250130,1134,1,9
1995,13000001994,20241128,1467,1,5
1996,13000001995,20250202,928,1,8
1997,13000001996,20241010,1455,1,8
1998,13000001997,20250203,895,2,8
1999,13000001998,20241209,1200,2,8
2000,13000001999,20250412,150,1,0
2001,13000002000,20250206,1053,2,5
2002,13000002001,20240818,1475,1,4
2003,13000002002,20250417,761,1,8
2004,13000002003,20241218,1224,1,10
2005,13000002004,20241102,1446,1,8
2006,13000002005,20241016,1168,1,7
2007,13000002006,20250106,926,1,9
2008,13000002007,20240817,1474,1,3
2009,13000002008,20240613,24,1,5
2010,13000002009,20241027,431,2,8
2011,13000002010,20241011,662,1,9
2012,13000002011,20240408,1374,2,6
2013,13000002012,20240809,552,1,8
2014,13000002013,20250710,1302,2,8
2015,13000002014,20250624,555,1,7
2016,13000002015,20241107,1289,2,7
2017,13000002016,20250815,851,2,8
2018,13000002017,20250925,1418,1,9
2019,13000002018,20250519,935,1,10
2020,13000002019,20250320,834,2,7
2021,13000002020,20250124,663,1,9
2022,13000002021,20250114,245,2,7
2023,13000002022,20241122,391,2,4
2024,13000002023,20240822,1111,2,10
2025,13000002024,20250403,1384,1,9
2026,13000002025,20240130,727,2,8
2027,13000002026,20250602,735,1,9
2028,13000002027,20240928,1233,1,10
2029,13000002028,20250726,238,1,7
2030,13000002029,20240110,308,2,8
2031,13000002030,20241102,1145,2,10
2032,13000002031,20240306,1359,1,8
2033,13000002032,20250425,1440,1,9
2034,13000002033,20240818,1347,1,8
2035,13000002034,20250613,1048,2,7
2036,13000002035,20250716,475,1,9
2037,13000002036,20250107,208,2,6
2038,13000002037,20250929,1477,1,4
2039,13000002038,20250512,1029,1,9
2040,13000002039,20241020,33,2,7
2041,13000002040,20250923,902,1,3
2042,13000002041,20241129,1032,1,9
2043,13000002042,20250127,915,1,6
2044,13000002043,20250925,987,1,7
2045,13000002044,20240322,675,1,9
2046,13000002045,20250620,335,2,8
2047,13000002046,20240527,332,1,8
2048,13000002047,20250426,1465,2,5
2049,13000002048,20241225,814,1,9
2050,13000002049,20241015,586,1,10
2051,13000002050,20241003,1012,1,8
2052,13000002051,20240417,1383,2,9
2053,13000002052,20240417,951,1,8
2054,13000002053,20250221,448,1,5
2055,13000002054,20241101,123,1,9
2056,13000002055,20240319,1044,1,6
2057,13000002056,20250109,264,2,2
2058,13000002057,20241030,205,1,7
2059,13000002058,20240803,1297,1,10
2060,13000002059,20240125,125,1,8
2061,13000002060,20241209,352,1,10
2062,13000002061,20250829,1360,2,2
2063,13000002062,20241113,455,1,9
2064,13000002063,20240815,1430,2,7
2065,13000002064,20240331,289,2,10
2066,13000002065,20250511,221,1,8
2067,13000002066,20250504,465,1,7
2068,13000002067,20240421,601,2,9
2069,13000002068,20250403,757,1,7
2070,13000002069,20240326,1448,1,9
2071,13000002070,20240817,447,1,9
2072,13000002071,20240511,281,1,9
2073,13000002072,20241019,179,2,7
2074,13000002073,20250920,152,1,0
2075,13000002074,20250405,1272,2,6
2076,13000002075,20250508,299,1,7
2077,13000002076,20241112,707,1,9
2078,13000002077,20240407,685,1,4
2079,13000002078,20240623,45,2,8
2080,13000002079,20240717,279,2,7
2081,13000002080,20241101,1128,2,6
2082,13000002081,20240814,596,1,2
2083,13000002082,20240603,1256,2,10
2084,13000002083,20241115,88,1,10
2085,13000002084,20240817,1147,2,10
2086,13000002085,20250418,715,2,8
2087,13000002086,20250728,658,1,10
2088,13000002087,20241216,902,1,10
2089,13000002088,20240717,274,1,6
2090,13000002089,20250425,775,2,10
2091,13000002090,20241019,373,1,10
2092,13000002091,20250901,939,1,10
2093,13000002092,20241109,652,2,9
2094,13000002093,20250522,1224,1,8
2095,13000002094,20250327,714,1,7
2096,13000002095,20250830,946,2,10
2097,13000002096,20240514,1110,1,8
2098,13000002097,20240514,749,1,7
2099,13000002098,20241016,1402,2,2
2100,13000002099,20240610,284,1,9
2101,13000002100,20241022,679,1,8
2102,13000002101,20240506,648,2,8
2103,13000002102,20241230,1297,2,8
2104,13000002103,20240727,731,1,8
2105,13000002104,20251004,292,2,9
2106,13000002105,20250424,1252,1,5
2107,13000002106,20240213,1340,1,8
2108,13000002107,20250831,1129,2,7
2109,13000002108,20250222,446,1,10
2110,13000002109,20240921,1111,1,6
2111,13000002110,20241215,692,1,8
2112,13000002111,20251010,1456,1,8
2113,13000002112,20250603,1430,1,8
2114,13000002113,20241208,1347,2,9
2115,13000002114,20250223,333,1,10
2116,13000002115,20240201,1454,1,6
2117,13000002116,20240919,505,1,7
2118,13000002117,20250531,926,2,8
2119,13000002118,20250613,1067,1,8
2120,13000002119,20240419,590,1,6
2121,13000002120,20240612,4,2,0
2122,13000002121,20250921,250,2,6
2123,13000002122,20240216,724,1,9
2124,13000002123,20250317,965,2,7
2125,13000002124,20250325,110,1,10
2126,13000002125,20250614,294,1,8
2127,13000002126,20241103,1378,2,8
2128,13000002127,20241202,757,1,8
2129,13000002128,20240203,979,2,8
2130,13000002129,20240802,1034,1,8
2131,13000002130,20241108,1453,1,2
2132,13000002131,20240713,165,2,5
2133,13000002132,20240515,1296,2,3
2134,13000002133,20251004,27,2,8
2135,13000002134,20240406,540,2,5
2136,13000002135,20241122,615,1,6
2137,13000002136,20240608,758,2,4
2138,13000002137,20240630,554,1,1
2139,13000002138,20250816,537,1,4
2140,13000002139,20240929,1170,1,9
2141,13000002140,20250828,1130,1,7
2142,13000002141,20250304,711,2,10
2143,13000002142,20250125,889,2,2
2144,13000002143,20241129,618,1,6
2145,13000002144,20250429,1236,1,9
2146,13000002145,20250604,552,1,9
2147,13000002146,20240807,180,1,9
2148,13000002147,20250803,619,1,6
2149,13000002148,20240628,627,2,9
2150,13000002149,20240216,711,1,7
2151,13000002150,20240821,457,1,8
2152,13000002151,20250616,679,1,10
2153,13000002152,20240910,1485,1,8
2154,13000002153,20250915,642,1,4
2155,13000002154,20241128,809,1,4
2156,13000002155,20241222,809,2,2
2157,13000002156,20250826,1326,1,8
2158,13000002157,20251002,1322,1,5
2159,13000002158,20240223,39,2,9
2160,13000002159,20250323,393,1,8
2161,13000002160,20240505,616,1,2
2162,13000002161,20240302,1149,2,9
2163,13000002162,20250608,193,2,10
2164,13000002163,20241125,634,2,3
2165,13000002164,20240616,34,2,3
2166,13000002165,20250222,468,1,10
2167,13000002166,20250923,441,1,10
2168,13000002167,20250220,77,2,7
2169,13000002168,20250126,580,1,10
2170,13000002169,20250307,512,1,9
2171,13000002170,20250406,773,2,7
2172,13000002171,20240418,215,1,7
2173,13000002172,20240528,1150,2,5
2174,13000002173,20250907,781,2,7
2175,13000002174,20250228,6,2,7
2176,13000002175,20250506,956,1,6
2177,13000002176,20241021,665,1,8
2178,13000002177,20250521,680,1,7
2179,13000002178,20240909,1311,2,1
2180,13000002179,20250607,644,1,8
2181,13000002180,20240715,1149,1,8
2182,13000002181,20250511,945,2,4
2183,13000002182,20241217,506,1,10
2184,13000002183,20240207,1374,1,7
2185,13000002184,20240425,216,1,10
2186,13000002185,20240122,520,1,8
2187,13000002186,20240728,328,2,10
2188,13000002187,20250327,1110,1,7
2189,13000002188,20240325,704,1,3
2190,13000002189,20250106,326,1,10
2191,13000002190,20250317,971,2,10
2192,13000002191,20250423,991,1,8
2193,13000002192,20250105,975,1,7
2194,13000002193,20250323,677,1,6
2195,13000002194,20250227,527,2,8
2196,13000002195,20250427,1054,1,10
2197,13000002196,20240413,1336,1,10
2198,13000002197,20250920,889,1,7
2199,13000002198,20250215,256,1,7
2200,13000002199,20240908,242,1,8
2201,13000002200,20240624,244,1,10
2202,13000002201,20240321,706,1,10
2203,13000002202,20240706,1169,1,8
2204,13000002203,20250122,618,2,6
2205,13000002204,20240814,1404,1,9
2206,13000002205,20250109,1462,2,1
2207,13000002206,20241009,525,1,10
2208,13000002207,20240114,574,1,4
2209,13000002208,20250422,681,1,0
2210,13000002209,20240426,748,1,3
2211,13000002210,20240422,1266,1,5
2212,13000002211,20250908,293,1,9
2213,13000002212,20251002,555,2,5
2214,13000002213,20240123,560,1,10
2215,13000002214,20241114,1021,2,10
2216,13000002215,20250203,201,1,9
2217,13000002216,20250718,1458,1,3
2218,13000002217,20250208,528,1,1
2219,13000002218,20240623,919,1,9
2220,13000002219,20250907,445,1,2
2221,13000002220,20250211,1368,2,8
2222,13000002221,20240612,529,1,8
2223,13000002222,20240904,1186,2,10
2224,13000002223,20241013,164,2,7
2225,13000002224,20250405,204,1,5
2226,13000002225,20250624,164,2,8
2227,13000002226,20240226,253,2,10
2228,13000002227,20250702,1155,2,9
2229,13000002228,20250721,193,1,5
2230,13000002229,20250808,778,1,8
2231,13000002230,20240809,593,1,10
2232,13000002231,20240805,772,2,4
2233,13000002232,20241106,32,2,7
2234,13000002233,20240305,961,1,7
2235,13000002234,20240829,1062,1,9
2236,13000002235,20240625,700,1,7
2237,13000002236,20250125,376,2,3
2238,13000002237,20240316,866,1,8
2239,13000002238,20240717,136,2,5
2240,13000002239,20240506,888,2,9
2241,13000002240,20240128,1255,1,9
2242,13000002241,20240428,601,1,9
2243,13000002242,20250411,204,1,7
2244,13000002243,20240624,859,2,8
2245,13000002244,20240624,1029,1,5
2246,13000002245,20240321,447,2,8
2247,13000002246,20250507,239,1,7
2248,13000002247,20240719,101,1,4
2249,13000002248,20241123,1263,2,9
2250,13000002249,20240324,881,2,6
2251,13000002250,20241229,360,2,7
2252,13000002251,20240909,1373,2,3
2253,13000002252,20240825,843,1,9
2254,13000002253,20241113,307,1,9
2255,13000002254,20250803,1162,1,5
2256,13000002255,20250505,708,2,8
2257,13000002256,20250113,1034,1,4
2258,13000002257,20250415,1492,1,4
2259,13000002258,20250314,1388,1,10
2260,13000002259,20240708,262,1,9
2261,13000002260,20250626,1188,1,10
2262,13000002261,20240311,678,1,9
2263,13000002262,20250624,546,2,8
2264,13000002263,20250303,1206,1,8
2265,13000002264,20250425,27,2,10
2266,13000002265,20250808,184,2,7
2267,13000002266,20241209,536,1,8
2268,13000002267,20240203,1350,1,10
2269,13000002268,20241020,542,1,9
2270,13000002269,20250529,1151,1,10
2271,13000002270,20250821,1471,2,7
2272,13000002271,20240520,672,2,6
2273,13000002272,20250212,1259,2,10
2274,13000002273,20250922,1396,1,8
2275,13000002274,20240527,284,1,8
2276,13000002275,20240923,183,1,7
2277,13000002276,20240315,1353,1,4
2278,13000002277,20250827,978,2,10
2279,13000002278,20241003,1244,1,2
2280,13000002279,20240729,1430,1,9
2281,13000002280,20240515,1218,2,8
2282,13000002281,20250915,574,1,9
2283,13000002282,20240506,1287,2,7
2284,13000002283,20240328,230,1,9
2285,13000002284,20250704,314,2,6
2286,13000002285,20240423,203,2,8
2287,13000002286,20240121,980,1,7
2288,13000002287,20250422,37,1,8
2289,13000002288,20250519,1444,1,10
2290,13000002289,20240808,656,1,7
2291,13000002290,20241221,731,1,3
2292,13000002291,20240911,1265,2,8
2293,13000002292,20250529,896,1,5
2294,13000002293,20250707,372,1,9
2295,13000002294,20250111,1175,1,7
2296,13000002295,20240406,302,2,10
2297,13000002296,20250320,436,2,9
2298,13000002297,20250515,1245,2,3
2299,13000002298,20240421,81,2,10
2300,13000002299,20240201,1268,1,8
2301,13000002300,20240210,478,1,2
2302,13000002301,20240202,882,2,8
2303,13000002302,20250322,673,2,10
2304,13000002303,20241206,1352,1,9
2305,13000002304,20241105,1495,1,10
2306,13000002305,20250210,760,2,8
2307,13000002306,20240510,954,2,9
2308,13000002307,20250711,212,1,7
2309,13000002308,20241210,1194,2,9
2310,13000002309,20250922,31,1,10
2311,13000002310,20240722,585,2,10
2312,13000002311,20241224,140,2,9
2313,13000002312,20241207,1096,2,7
2314,13000002313,20241213,1468,1,9
2315,13000002314,20240111,1303,2,7
2316,13000002315,20240710,917,2,6
2317,13000002316,20250815,153,1,9
2318,13000002317,20250215,1033,1,10
2319,13000002318,20240311,323,2,5
2320,13000002319,20250610,38,1,8
2321,13000002320,20250807,1427,1,7
2322,13000002321,20240714,451,2,7
2323,13000002322,20240408,883,2,10
2324,13000002323,20241114,171,1,9
2325,13000002324,20241230,1161,1,4
2326,13000002325,20250813,1450,1,3
2327,13000002326,20240718,1079,2,8
2328,13000002327,20250328,32,2,5
2329,13000002328,20240427,1468,2,8
2330,13000002329,20250917,940,1,9
2331,13000002330,20241011,1290,1,10
2332,13000002331,20250812,339,2,10
2333,13000002332,20250606,555,2,8
2334,13000002333,20240919,1048,1,6
2335,13000002334,20250630,1465,2,8
2336,13000002335,20250421,700,1,8
2337,13000002336,20250613,1280,2,8
2338,13000002337,20250604,264,1,8
2339,13000002338,20250310,1476,1,9
2340,13000002339,20250528,283,2,6
2341,13000002340,20240416,1034,1,7
2342,13000002341,20250820,61,1,8
2343,13000002342,20241012,1203,2,9
2344,13000002343,20240624,298,2,9
2345,13000002344,20240728,231,1,8
2346,13000002345,20250902,141,1,5
2347,13000002346,20240120,918,2,9
2348,13000002347,20240409,494,2,9
2349,13000002348,20250109,483,1,6
2350,13000002349,20241008,1336,2,8
2351,13000002350,20240207,541,1,9
2352,13000002351,20240916,904,1,10
2353,13000002352,20250810,1406,2,8
2354,13000002353,20240612,945,2,10
2355,13000002354,20250530,892,2,9
2356,13000002355,20250623,1280,2,2
2357,13000002356,20250917,521,2,7
2358,13000002357,20240429,1077,2,10
2359,13000002358,20250803,823,1,1
2360,13000002359,20240208,175,1,5
2361,13000002360,20250508,612,2,6
2362,13000002361,20251002,205,1,1
2363,13000002362,20240401,924,1,9
2364,13000002363,20240302,698,1,6
2365,13000002364,20240326,602,1,6
2366,13000002365,20250305,910,1,4
2367,13000002366,20250110,536,1,4
2368,13000002367,20250304,686,2,6
2369,13000002368,20241128,216,1,6
2370,13000002369,20241009,1296,1,7
2371,13000002370,20240514,1176,1,10
2372,13000002371,20250926,396,1,7
2373,13000002372,20240529,684,2,10
2374,13000002373,20250226,650,2,9
2375,13000002374,20250906,681,1,7
2376,13000002375,20240703,892,1,4
2377,13000002376,20250125,681,2,8
2378,13000002377,20240816,618,1,7
2379,13000002378,20241210,1328,1,9
2380,13000002379,20240626,714,2,9
2381,13000002380,20240516,585,2,9
2382,13000002381,20240908,630,2,8
2383,13000002382,20250424,832,2,8
2384,13000002383,20240814,995,1,9
2385,13000002384,20240803,1347,2,8
2386,13000002385,20250322,897,1,8
2387,13000002386,20240420,732,2,10
2388,13000002387,20250816,1068,1,4
2389,13000002388,20240913,486,1,6
2390,13000002389,20240407,230,1,8
2391,13000002390,20240529,389,1,8
2392,13000002391,20241225,1217,1,5
2393,13000002392,20240126,598,2,7
2394,13000002393,20250619,4,1,8
2395,13000002394,20240422,543,2,9
2396,13000002395,20250302,1454,1,9
2397,13000002396,20240205,356,2,9
2398,13000002397,20240310,1243,1,8
2399,13000002398,20250515,1345,1,9
2400,13000002399,20240815,1233,1,8
2401,13000002400,20250913,905,2,8
2402,13000002401,20241201,686,1,3
2403,13000002402,20240127,713,1,7
2404,13000002403,20250301,498,1,9
2405,13000002404,20250521,375,1,10
2406,13000002405,20250609,816,1,7
2407,13000002406,20250403,209,1,9
2408,13000002407,20240708,199,1,2
2409,13000002408,20240430,437,2,7
2410,13000002409,20250529,415,2,4
2411,13000002410,20250830,1479,1,5
2412,13000002411,20240503,410,2,7
2413,13000002412,20240908,657,2,7
2414,13000002413,20250604,1032,1,9
2415,13000002414,20240718,1270,1,10
2416,13000002415,20250215,1408,1,10
2417,13000002416,20240818,682,2,2
2418,13000002417,20240205,447,1,7
2419,13000002418,20240206,1398,2,9
2420,13000002419,20250804,530,2,9
2421,13000002420,20241112,849,2,8
2422,13000002421,20250114,771,2,6
2423,13000002422,20240602,200,1,6
2424,13000002423,20250829,954,1,9
2425,13000002424,20251005,241,1,8
2426,13000002425,20250124,1080,2,4
2427,13000002426,20240725,1071,2,6
2428,13000002427,20250606,481,1,8
2429,13000002428,20250703,658,1,8
2430,13000002429,20250819,302,1,2
2431,13000002430,20241026,472,2,5
2432,13000002431,20240530,1251,1,7
2433,13000002432,20240312,1203,2,8
2434,13000002433,20250402,598,2,7
2435,13000002434,20250403,1378,2,8
2436,13000002435,20250622,31,2,9
2437,13000002436,20250203,330,1,9
2438,13000002437,20240526,673,2,8
2439,13000002438,20250327,659,1,9
2440,13000002439,20250323,211,1,2
2441,13000002440,20250410,506,1,9
2442,13000002441,20250222,1288,1,7
2443,13000002442,20250710,1422,2,5
2444,13000002443,20240414,1011,1,2
2445,13000002444,20241204,154,2,5
2446,13000002445,20250223,914,1,6
2447,13000002446,20241125,1362,1,6
2448,13000002447,20241106,75,1,4
2449,13000002448,20250709,801,2,8
2450,13000002449,20250525,1174,2,8
2451,13000002450,20250107,560,1,7
2452,13000002451,20250401,1286,1,9
2453,13000002452,20240501,866,1,8
2454,13000002453,20240308,952,1,10
2455,13000002454,20240312,553,1,6
2456,13000002455,20250922,1238,1,0
2457,13000002456,20241125,683,2,10
2458,13000002457,20250812,598,1,9
2459,13000002458,20250701,1302,1,4
2460,13000002459,20240418,85,1,1
2461,13000002460,20250410,723,1,10
2462,13000002461,20241217,15,1,4
2463,13000002462,20241120,486,2,9
2464,13000002463,20250914,726,2,10
2465,13000002464,20250616,1348,1,8
2466,13000002465,20250215,28,1,8
2467,13000002466,20241031,113,1,10
2468,13000002467,20240119,1433,2,8
2469,13000002468,20250524,479,1,7
2470,13000002469,20240708,647,1,10
2471,13000002470,20241020,62,1,6
2472,13000002471,20240818,112,1,4
2473,13000002472,20250529,416,2,6
2474,13000002473,20240312,907,2,10
2475,13000002474,20241010,310,1,8
2476,13000002475,20240724,889,1,3
2477,13000002476,20240802,339,1,7
2478,13000002477,20240719,418,2,4
2479,13000002478,20250629,713,1,9
2480,13000002479,20240321,462,2,10
2481,13000002480,20250207,1091,1,7
2482,13000002481,20240630,867,1,10
2483,13000002482,20250527,1237,1,10
2484,13000002483,20250716,1441,1,9
2485,13000002484,20250913,633,2,3
2486,13000002485,20250919,204,1,9
2487,13000002486,20240117,1234,1,9
2488,13000002487,20240824,201,2,5
2489,13000002488,20240813,1015,2,9
2490,13000002489,20250129,385,2,7
2491,13000002490,20240828,1099,1,8
2492,13000002491,20240528,728,1,10
2493,13000002492,20240513,1451,2,7
2494,13000002493,20240119,358,1,5
2495,13000002494,20240630,856,2,10
2496,13000002495,20250619,3,1,10
2497,13000002496,20240809,732,1,9
2498,13000002497,20240507,1410,1,10
2499,13000002498,20241029,138,2,7
2500,13000002499,20240306,243,2,10
2501,13000002500,20250902,32,1,8
2502,13000002501,20240509,1280,2,9
2503,13000002502,20240813,345,1,8
2504,13000002503,20241205,220,1,8
2505,13000002504,20240724,1296,1,3
2506,13000002505,20240302,547,1,10
2507,13000002506,20240825,1169,2,7
2508,13000002507,20241208,1217,2,7
2509,13000002508,20241025,126,1,8
2510,13000002509,20240320,843,1,10
2511,13000002510,20250215,1260,1,9
2512,13000002511,20241231,171,1,8
2513,13000002512,20241024,889,2,7
2514,13000002513,20240130,1012,2,4
2515,13000002514,20240614,1418,2,6
2516,13000002515,20250724,677,2,10
2517,13000002516,20250425,979,1,4
2518,13000002517,20250829,326,2,8
2519,13000002518,20240201,522,2,10
2520,13000002519,20250111,1326,2,8
2521,13000002520,20250908,228,1,8
2522,13000002521,20250707,1093,2,6
2523,13000002522,20250322,587,1,8
2524,13000002523,20241108,873,1,9
2525,13000002524,20240308,733,2,9
2526,13000002525,20241008,276,1,7
2527,13000002526,20250915,1428,2,10
2528,13000002527,20240306,199,2,6
2529,13000002528,20250405,221,1,9
2530,13000002529,20240709,1015,2,10
2531,13000002530,20240518,6,1,6
2532,13000002531,20250515,1061,2,9
2533,13000002532,20241004,1271,1,10
2534,13000002533,20240419,619,1,5
2535,13000002534,20241006,698,2,7
2536,13000002535,20241113,1484,1,9
2537,13000002536,20240322,1316,1,8
2538,13000002537,20250205,1034,1,8
2539,13000002538,20250420,790,2,7
2540,13000002539,20250521,1399,2,5
2541,13000002540,20250207,1045,1,7
2542,13000002541,20250810,59,2,9
2543,13000002542,20240729,244,1,9
2544,13000002543,20250704,408,1,9
2545,13000002544,20250506,259,2,4
2546,13000002545,20241011,960,2,9
2547,13000002546,20240709,878,2,9
2548,13000002547,20241124,584,1,1
2549,13000002548,20240729,397,1,6
2550,13000002549,20241015,167,2,9
2551,13000002550,20240116,1216,2,4
2552,13000002551,20241107,1271,1,1
2553,13000002552,20240805,1293,1,7
2554,13000002553,20241031,223,2,4
2555,13000002554,20250818,201,2,6
2556,13000002555,20250707,342,1,7
2557,13000002556,20240410,913,1,6
2558,13000002557,20250301,752,1,0
2559,13000002558,20240422,78,1,9
2560,13000002559,20240411,60,2,9
2561,13000002560,20240722,1254,1,7
2562,13000002561,20240417,183,1,7
2563,13000002562,20250818,591,2,5
2564,13000002563,20250606,849,1,9
2565,13000002564,20240513,1248,2,8
2566,13000002565,20240112,741,2,6
2567,13000002566,20240610,1133,2,10
2568,13000002567,20241017,844,1,5
2569,13000002568,20240126,313,1,4
2570,13000002569,20240215,891,2,7
2571,13000002570,20250202,195,1,4
2572,13000002571,20240814,642,1,8
2573,13000002572,20241103,569,1,10
2574,13000002573,20250419,1237,1,9
2575,13000002574,20250504,1407,1,8
2576,13000002575,20250201,1207,1,7
2577,13000002576,20240907,1236,1,7
2578,13000002577,20240207,1279,1,9
2579,13000002578,20250824,1439,1,8
2580,13000002579,20250713,858,1,7
2581,13000002580,20250330,1479,2,9
2582,13000002581,20250402,924,2,7
2583,13000002582,20240424,382,2,8
2584,13000002583,20250406,16,1,7
2585,13000002584,20240719,862,1,8
2586,13000002585,20251006,234,2,9
2587,13000002586,20240608,475,2,6
2588,13000002587,20240214,392,1,10
2589,13000002588,20250327,1141,1,6
2590,13000002589,20250911,183,1,2
2591,13000002590,20250130,524,1,10
2592,13000002591,20250620,690,1,8
2593,13000002592,20240708,284,1,5
2594,13000002593,20240223,860,1,10
2595,13000002594,20240901,991,2,10
2596,13000002595,20250414,163,2,7
2597,13000002596,20250521,1364,1,9
2598,13000002597,20240329,1233,2,9
2599,13000002598,20241209,1009,1,7
2600,13000002599,20250214,822,1,3
2601,13000002600,20250425,1198,1,9
2602,13000002601,20240226,652,1,9
2603,13000002602,20240825,293,1,8
2604,13000002603,20250311,9,2,5
2605,13000002604,20240916,967,1,0
2606,13000002605,20241008,1090,1,10
2607,13000002606,20240308,1324,1,7
2608,13000002607,20241203,212,1,4
2609,13000002608,20240714,77,1,8
2610,13000002609,20241019,1261,1,9
2611,13000002610,20250209,820,1,8
2612,13000002611,20240705,1321,1,7
2613,13000002612,20250526,709,2,7
2614,13000002613,20240503,1325,1,10
2615,13000002614,20250825,1339,1,7
2616,13000002615,20250424,136,1,3
2617,13000002616,20240911,459,2,7
2618,13000002617,20250108,334,2,4
2619,13000002618,20240214,260,2,10
2620,13000002619,20241210,264,2,8
2621,13000002620,20250319,1060,1,10
2622,13000002621,20250110,433,1,10
2623,13000002622,20250503,1056,2,10
2624,13000002623,20250408,246,1,9
2625,13000002624,20241104,1033,1,10
2626,13000002625,20240602,1148,2,8
2627,13000002626,20250220,511,1,10
2628,13000002627,20240813,264,1,9
2629,13000002628,20250427,553,1,9
2630,13000002629,20241214,196,1,2
2631,13000002630,20240120,203,2,1
2632,13000002631,20241230,1076,2,4
2633,13000002632,20240630,829,1,4
2634,13000002633,20240925,245,1,10
2635,13000002634,20250213,240,2,10
2636,13000002635,20240807,1173,1,8
2637,13000002636,20250210,243,2,8
2638,13000002637,20240303,1490,1,9
2639,13000002638,20240207,583,2,7
2640,13000002639,20250317,1216,2,6
2641,13000002640,20250614,581,2,8
2642,13000002641,20240419,136,1,0
2643,13000002642,20250831,149,2,6
2644,13000002643,20250116,1450,1,9
2645,13000002644,20250128,722,1,8
2646,13000002645,20250116,1389,1,9
2647,13000002646,20240616,90,2,9
2648,13000002647,20240927,1330,1,8
2649,13000002648,20240629,1170,1,2
2650,13000002649,20240206,154,1,7
2651,13000002650,20250120,369,1,7
2652,13000002651,20240625,70,2,8
2653,13000002652,20240529,488,1,3
2654,13000002653,20240926,1059,2,7
2655,13000002654,20250323,1459,1,0
2656,13000002655,20250830,1124,1,10
2657,13000002656,20240704,1030,1,5
2658,13000002657,20250505,210,1,6
2659,13000002658,20240731,184,1,9
2660,13000002659,20250607,513,2,7
2661,13000002660,20250905,11,2,8
2662,13000002661,20241022,762,1,8
2663,13000002662,20250221,385,1,5
2664,13000002663,20250707,1061,2,6
2665,13000002664,20240130,820,1,8
2666,13000002665,20250930,662,1,1
2667,13000002666,20241028,1419,1,9
2668,13000002667,20240504,1384,2,10
2669,13000002668,20240614,324,2,10
2670,13000002669,20240523,547,2,10
2671,13000002670,20240430,147,2,7
2672,13000002671,20250629,548,1,7
2673,13000002672,20240922,610,2,9
2674,13000002673,20240904,20,1,8
2675,13000002674,20250807,560,2,1
2676,13000002675,20250114,28,2,8
2677,13000002676,20250706,310,1,2
2678,13000002677,20250329,879,2,10
2679,13000002678,20241110,819,1,3
2680,13000002679,20240430,1406,2,7
2681,13000002680,20250426,298,2,8
2682,13000002681,20241018,1210,1,9
2683,13000002682,20250825,538,1,9
2684,13000002683,20241210,566,2,8
2685,13000002684,20240713,1469,1,9
2686,13000002685,20240830,1428,2,8
2687,13000002686,20250209,1398,1,4
2688,13000002687,20240924,899,1,4
2689,13000002688,20250117,806,1,7
2690,13000002689,20240210,1464,2,7
2691,13000002690,20250514,1105,2,7
2692,13000002691,20250205,847,1,9
